id_solicitud,prob_default
500000,0.00025977136396538615
500001,0.424525201385737
500002,0.09942507316555901
500003,0.05031075718175362
500004,0.4785265027520634
500005,0.006479151444965589
500006,0.23746114287083794
500007,0.0006514743034579964
500008,0.019610108889884167
500009,0.05949858583499304
500010,0.16780306565106973
500011,0.002610785901822756
500012,0.0018102308548727786
500013,0.1496191349209531
500014,0.14878889272983534
500015,0.02503996737687119
500016,0.0004666379916000536
500017,0.3158573309369788
500018,0.4778818797341077
500019,0.004215589603627989
500020,0.002482647257898479
500021,0.0008922961818991205
500022,0.028937373810737677
500023,0.9626018317219717
500024,0.01211664919002381
500025,0.7565860412130385
500026,0.01621371737946939
500027,0.0004964059936708136
500028,0.012413338848592493
500029,0.5577814813956101
500030,0.001837923469569316
500031,0.35678879983285805
500032,0.0014000171682986247
500033,0.002945683440554234
500034,0.12482832203671104
500035,0.6543633703751017
500036,0.5237928496724945
500037,0.006967372577031226
500038,0.24155105460748877
500039,0.010878982973389776
500040,0.6878337918233196
500041,0.6319980619467952
500042,0.006472863320960328
500043,0.1497320698785286
500044,0.004799479862390831
500045,0.010590944988457444
500046,0.0012879034669333698
500047,0.04363393863059994
500048,0.04044412983416603
500049,0.0026134527794277247
500050,0.010414851858751044
500051,0.9151339615383596
500052,0.16012883066759095
500053,0.009131394997605019
500054,0.3386624494468428
500055,0.40253716890948404
500056,0.8219799103791635
500057,0.8538190870373208
500058,0.4633838189083447
500059,0.04052610251174248
500060,0.00961046193708429
500061,0.016490074457780175
500062,0.7680260535669576
500063,0.2799037824670951
500064,0.24787655846662776
500065,0.6928625040494364
500066,0.7582263784470268
500067,0.20591047839641194
500068,0.03322536562958329
500069,0.11179407715175183
500070,0.1369179126151547
500071,0.008080892893577874
500072,0.03686646457592029
500073,0.035266051225360556
500074,0.03343420735843692
500075,0.0010219706236750362
500076,0.8964899906590502
500077,0.003225190033931472
500078,0.9136958602814053
500079,0.0028875024830111364
500080,0.0008365941849201272
500081,0.16126769176647637
500082,0.011664342791570763
500083,0.04888668745062171
500084,0.06767024966085666
500085,0.21851440650797402
500086,0.04883554118236229
500087,0.009559903004561311
500088,0.21390939218382835
500089,0.04367147121489599
500090,0.08671242783358546
500091,0.0009465392081954173
500092,0.004948055297119775
500093,0.1516677720058762
500094,0.6618833073214043
500095,0.0039030157686016707
500096,0.04328436647776101
500097,0.9688002230169025
500098,0.3380648264171292
500099,0.06964035473616892
500100,0.017557689221236936
500101,0.058219463416260296
500102,0.03705853048763892
500103,0.004886357432094622
500104,0.0007552641134257242
500105,0.5724632143497592
500106,0.3685641465260623
500107,0.16380442508287416
500108,0.013586743332539201
500109,0.004455622505069673
500110,0.2114372937783379
500111,0.25893233526708004
500112,0.590499143559424
500113,0.5779083515367515
500114,0.0009150393383270624
500115,0.22186299955506866
500116,0.08812356411342577
500117,0.12864145636131122
500118,0.02852119859145067
500119,0.6894170468265346
500120,0.060463542182588995
500121,0.28780024992557146
500122,0.018812085837638833
500123,0.006696561444840584
500124,0.09519107576778024
500125,0.7047487553683511
500126,0.0006925254054894335
500127,0.025524620725281354
500128,0.24894203023338993
500129,0.007888557091511603
500130,0.7723776791347443
500131,0.026308066063207496
500132,0.18447523948694686
500133,0.09377613362951373
500134,0.008462568197109454
500135,0.006530857588115107
500136,0.08484605519402127
500137,0.25997142630817105
500138,0.14395666422965211
500139,0.03887740395715164
500140,0.11755162290785
500141,0.09994077621171883
500142,0.043790454796695126
500143,0.4630266642322134
500144,0.00030924848332739035
500145,0.018964966679225818
500146,0.0018698858988908734
500147,0.07890681260854358
500148,0.014374875052914474
500149,0.026070174152076415
500150,0.006629238708006275
500151,0.006407357905032977
500152,0.04862321839200022
500153,0.0018442137908461333
500154,0.03212529442084024
500155,0.8184757930423349
500156,0.03137008652611495
500157,0.23610427770169842
500158,0.017220750573392604
500159,0.03321729836104148
500160,0.022614316946636626
500161,0.14496189805749185
500162,0.00804399836728141
500163,0.8927158853829906
500164,0.6952813805583047
500165,0.001074048819028267
500166,0.8005576147996772
500167,0.9970165366871114
500168,0.007607548637589943
500169,0.0015215095052105853
500170,0.02926750584134006
500171,0.07943997035295905
500172,0.0017665879108717695
500173,0.06582128642912458
500174,0.03439512075129611
500175,0.0056945322040842065
500176,0.0052189300964147044
500177,0.2663212062846814
500178,0.5472298112928707
500179,0.9869764212629124
500180,0.009899197568041451
500181,0.02480909507669245
500182,0.007565743765695995
500183,0.14548559871057698
500184,0.004270678772818616
500185,0.09893528075075714
500186,0.9121226595520968
500187,0.00852614684205075
500188,0.00158199642967992
500189,0.03311966497889102
500190,0.17382641795583137
500191,0.05631801938023729
500192,0.009518872422126004
500193,0.6212714708712269
500194,0.2868751278140652
500195,0.5523480433537231
500196,0.0483101764902269
500197,0.053061608628794936
500198,0.25364093506684104
500199,0.01819679181359063
500200,0.036425616777759164
500201,0.02995699643881759
500202,0.005100416551576158
500203,0.05150104572069745
500204,0.9685755155850825
500205,0.7470777801175741
500206,0.03554867479550657
500207,0.01639254373507093
500208,0.022528715036211372
500209,0.024583829743733753
500210,0.010201818756716894
500211,0.04720219494948739
500212,0.022212211863826648
500213,0.18694477103747065
500214,0.09663021866839501
500215,0.006117734852381662
500216,0.37028324899715104
500217,0.04652953834952485
500218,0.7545689403127344
500219,0.6264603460038976
500220,0.12116340600874848
500221,0.018966880724496215
500222,0.09015798382820923
500223,0.01763648258761394
500224,0.10549216682610141
500225,0.11850540469854877
500226,0.32101872145526017
500227,0.000681535703195732
500228,0.18212490679410878
500229,0.05021037071380631
500230,0.5578965108226231
500231,0.02275944303644086
500232,0.04742503887402576
500233,0.9542194121645277
500234,0.016161169630237546
500235,0.4124764478069592
500236,0.8095186165063426
500237,0.0008768414786165901
500238,0.0023393622084354223
500239,0.9508218826046226
500240,0.9237697200336081
500241,0.07958093719346365
500242,0.674748329758835
500243,0.007495277673812582
500244,0.10751244899676503
500245,0.09557944062616333
500246,0.05509339331929027
500247,0.047060613058342055
500248,0.022334675106311493
500249,0.9177723649988562
500250,0.03076313653329717
500251,0.22607712827593845
500252,0.000841033228719135
500253,0.05457452027589582
500254,0.001013383122159139
500255,0.10135327519755859
500256,0.0021329978818501053
500257,0.08328207860570312
500258,0.12501962190582522
500259,0.0006793989084835516
500260,0.07559707344478193
500261,0.04574510783321559
500262,0.0018106285645832592
500263,0.9404266787362197
500264,0.005662207099721761
500265,0.7114716834011057
500266,0.04321489398856902
500267,0.002245111260486241
500268,0.991411617440994
500269,0.35484656816742777
500270,0.45915203847967534
500271,0.00043415548555061944
500272,0.0015886117866954711
500273,0.0010739889025744213
500274,0.0022671452897575005
500275,0.001561526313068286
500276,0.05555607037517242
500277,0.08977174327434355
500278,0.0017420389548565406
500279,0.11562147109909884
500280,0.026730626569273074
500281,0.39605883489557886
500282,0.9340924732319673
500283,0.18978677708324496
500284,0.006397676182769955
500285,0.06058534114101388
500286,0.015529964622001837
500287,0.029773250364288472
500288,0.02326759412180762
500289,0.7100400591954557
500290,0.015007376663104019
500291,0.0006936600850225295
500292,0.27776025079753086
500293,0.15878294903447487
500294,0.03998113525466556
500295,0.005954084859533023
500296,0.061708627007001436
500297,0.040362375999152524
500298,0.014154772126147507
500299,0.010358124150210606
500300,0.15653073010049717
500301,0.02705896886797819
500302,0.0032132065454016047
500303,0.0005669016028479051
500304,0.011166810863244066
500305,0.06400194686524892
500306,0.33356450288319583
500307,0.0009471229243590572
500308,0.014716668771015191
500309,0.6110951930172839
500310,0.3999754140599578
500311,0.008596438547161
500312,0.24516983313971819
500313,0.011514019577438429
500314,0.15723252539478258
500315,0.024961452457304207
500316,0.0015991297559416024
500317,0.19156573550551664
500318,0.007973019847470935
500319,0.007978401412874498
500320,0.6655902580716953
500321,0.23315204313994503
500322,0.001874717641917624
500323,0.1477320805242752
500324,0.4341378198869999
500325,0.022010581447490893
500326,0.004337817600367088
500327,0.0023763060902280224
500328,0.2369306709178938
500329,0.0012049819505400095
500330,0.16865408528732842
500331,0.0015404585447649144
500332,0.016937195512610487
500333,0.054099921596458836
500334,0.005099399030211441
500335,0.06331580774444384
500336,0.01713862364694265
500337,0.17344365666861034
500338,0.054274463254857006
500339,0.0025516860079749363
500340,0.03480791195738235
500341,0.01572548650077399
500342,0.5895822763181517
500343,0.122845742160309
500344,0.09623203645487449
500345,0.19799351775502766
500346,0.00600756011660048
500347,0.028966627699266674
500348,0.1599709516697353
500349,0.2603408591126297
500350,0.0009477101574280157
500351,0.0016959773015819625
500352,0.748601775534631
500353,0.07684527022750806
500354,0.002946565045910211
500355,0.0005969378123146061
500356,0.8272021017762575
500357,0.007218793781165508
500358,0.22986027113736157
500359,0.03487507385646118
500360,0.4505350505152534
500361,0.0024980485714353787
500362,0.5610679046335286
500363,0.25830260493055496
500364,0.035213043711679166
500365,0.07161242963019278
500366,0.01829583910145805
500367,0.005698393356747516
500368,0.02463536479037625
500369,0.3610594076562768
500370,0.006477959226699579
500371,0.18461715113355087
500372,0.12641090601159696
500373,0.007702070037113785
500374,0.022696022876246585
500375,0.6408937500379915
500376,0.69680533965691
500377,0.024002817926400744
500378,0.032772535388913046
500379,0.0013730745976191618
500380,0.2427343710346894
500381,0.3091152219926651
500382,0.003839800286962009
500383,0.0015788195451457458
500384,0.03746037002171773
500385,0.012183687136944775
500386,0.07846788475627477
500387,0.8081390971802136
500388,0.0017585242417835509
500389,0.14109861488840303
500390,0.03765961416062358
500391,0.03623339578494506
500392,0.06801581175302145
500393,0.33554097731483556
500394,0.08619753912273577
500395,0.005286356120882163
500396,0.025786227192157576
500397,0.058688662073775676
500398,0.019592581431016595
500399,0.003120365090853582
500400,0.3958788560849054
500401,0.7896507148025474
500402,0.31321798993196437
500403,0.0007220338220985456
500404,0.003258834872074315
500405,0.9762064809134463
500406,0.00031353276617368384
500407,0.0034306940039732325
500408,0.29215191245397054
500409,0.06436989958972415
500410,0.010320149128002639
500411,0.6444554642824445
500412,0.70121610562675
500413,0.5791807451116295
500414,0.06986641727264332
500415,0.03648874146341915
500416,0.09737167692267591
500417,0.02527380656818754
500418,0.009612444226146544
500419,0.013826423158341239
500420,0.0023567375616855993
500421,0.06726581835695383
500422,0.021283911896959863
500423,0.056815107833663545
500424,0.1591957546371663
500425,0.8427209984429889
500426,0.03138883271277999
500427,0.010662143913918318
500428,0.9500193467224616
500429,0.0020033015980793715
500430,0.005856803497679858
500431,0.009161117762927582
500432,0.00666549221296249
500433,0.017115472679427826
500434,0.04193909940530968
500435,0.7493962463703464
500436,0.02846280413450124
500437,0.08295906596317949
500438,0.22308788321449066
500439,0.002863514888745224
500440,0.07666133246665706
500441,0.0043895599166272736
500442,0.9570279369529195
500443,0.0032436960769098877
500444,0.008191837872853497
500445,0.006850605680662847
500446,0.045142002833413096
500447,0.0011359771873532749
500448,0.058215624666324954
500449,0.01002275117944871
500450,0.002952130918222262
500451,0.07141696782078306
500452,0.022685786744868455
500453,0.03210771428163828
500454,0.3405382174218382
500455,0.01897625787006037
500456,0.029679433118208327
500457,0.0008394964786768615
500458,0.04736711344453856
500459,0.009939817195921453
500460,0.022392176536613725
500461,0.0004304660695786327
500462,0.006877619439662184
500463,0.10012233309427047
500464,0.0059405798979747775
500465,0.04971720567882544
500466,0.09659606343438337
500467,0.01627276745435107
500468,0.03429913575912346
500469,0.000405763314642707
500470,0.114977872900063
500471,0.16207536517550764
500472,0.6072647663865892
500473,0.11884320991829896
500474,0.11214610148841482
500475,0.004154749410046629
500476,0.017046192244856394
500477,0.008760332353623536
500478,0.0071221158961368046
500479,0.18451862405077235
500480,0.9799085881116196
500481,0.02104170363849685
500482,0.011528772309160747
500483,0.04097456487514474
500484,0.3746121213034141
500485,0.4962467008571918
500486,0.08041367306998083
500487,0.15159777378441866
500488,0.06573731466508427
500489,0.01669555939869635
500490,0.010500511737688999
500491,0.0009527556002351463
500492,0.03085839825611262
500493,0.0023235532001491606
500494,0.013114451304721192
500495,0.04497785657875302
500496,0.1304370462372535
500497,0.0014395491815325351
500498,0.24979605895694454
500499,0.5025013787202229
500500,0.0029893313045446417
500501,0.02292441629984547
500502,0.006177038979006915
500503,0.054127336327435806
500504,0.0035560754351533427
500505,0.02375049320445181
500506,0.3347741407702468
500507,0.00274105562038068
500508,0.5582141877375146
500509,0.23314574127080498
500510,0.04091173156219702
500511,0.11106076421438418
500512,0.4626120471845268
500513,0.0007158768533292898
500514,0.771101653876845
500515,0.03325470507295139
500516,0.022262855163584918
500517,0.012968044861250312
500518,0.010327636950778
500519,0.17930073391522894
500520,0.005719143409147794
500521,0.018328454057658188
500522,0.12467255592316197
500523,0.00842103577023838
500524,0.0013436021705562468
500525,0.012205621253291795
500526,0.01000639039420327
500527,0.0006100231254312188
500528,0.3668846317430418
500529,0.0226618165999854
500530,0.06064269004194088
500531,0.005815165203791241
500532,0.01916049437625381
500533,0.005329519560772292
500534,0.009416530434535894
500535,0.1476801744555914
500536,0.00819694301306499
500537,0.001203900688656096
500538,0.0722360706196969
500539,0.010437549341363667
500540,0.0007000865539815316
500541,0.001968203050101417
500542,0.4578111458250292
500543,0.34178947879436206
500544,0.4610739713884579
500545,0.03957413781121215
500546,0.05856758707255874
500547,0.255522489441671
500548,0.03487995470808129
500549,0.048571671815709094
500550,0.007468233083786016
500551,0.0003730723814083754
500552,0.09161569577603502
500553,0.12356361855067621
500554,0.007985850694794806
500555,0.0038882515071993378
500556,0.0007519985211707514
500557,0.01134964250128693
500558,0.010369767203989083
500559,0.005535614618934325
500560,0.5828400045830388
500561,0.008495273712501378
500562,0.008865490491111652
500563,0.005388966211515651
500564,0.004212820435341083
500565,0.0007472564205392609
500566,0.9396533780171848
500567,0.002612339469846383
500568,0.008938444861411661
500569,0.0071141964876243495
500570,0.6232961017604273
500571,0.05113756839378655
500572,0.548415245861729
500573,0.396648409625648
500574,0.10239450759488326
500575,0.014314696672888715
500576,0.002108218880997781
500577,0.0070677165345870265
500578,0.1641657500653269
500579,0.6811842386297683
500580,0.0016044439851418102
500581,0.033405995820526266
500582,0.11853320109133432
500583,0.017611207311947485
500584,0.000548803938555294
500585,0.004100856793362265
500586,0.20154419509284416
500587,0.033087699503692815
500588,0.056469556233353514
500589,0.014729647186742734
500590,0.0010733296423139432
500591,0.03358646778581925
500592,0.0021782749804819504
500593,0.03782240588898114
500594,0.019797409715093785
500595,0.0007347683174764438
500596,0.013785610729309
500597,0.25167368119275463
500598,0.015349290013462979
500599,0.0040707474734601335
500600,0.03223191797302515
500601,0.00463777685332498
500602,0.038955621132163304
500603,0.09872959480268523
500604,0.12288680313256976
500605,0.03139551459867297
500606,0.07178239204989989
500607,0.04281261224458894
500608,0.3347378640533152
500609,0.7751468960279742
500610,0.2849734922521258
500611,0.1085719628745691
500612,0.13773902019095913
500613,0.05454364902663523
500614,0.01619583494784281
500615,0.05335385871380786
500616,0.043566654899992854
500617,0.0009355451575566351
500618,0.02589190764624975
500619,0.07762377903209877
500620,0.05459207202944108
500621,0.010591217252833697
500622,0.0011076784228899882
500623,0.14235675751834492
500624,0.5701013733266742
500625,0.011396530954745963
500626,0.015783636373355545
500627,0.0014198697109247778
500628,0.028321326177068805
500629,0.04012845536105595
500630,0.004955650857250591
500631,0.015820519360025424
500632,0.009646358950238762
500633,0.0009053498196953629
500634,0.0090585217517972
500635,0.9945945170570685
500636,0.6274245731513209
500637,0.001209930066783896
500638,0.003212203864963337
500639,0.20332161796873605
500640,0.006557401940587435
500641,0.9319118588031836
500642,0.32300050545187037
500643,0.3990761565726684
500644,0.07528463939179987
500645,0.01670786643986721
500646,0.009838085324809611
500647,0.01011521229175872
500648,0.0728516316534673
500649,0.15537256005919842
500650,0.024667416857372094
500651,0.031892209621735806
500652,0.019805959783033344
500653,0.0006575151248350748
500654,0.001459825597236349
500655,0.016985509827832826
500656,0.0036968453864087113
500657,0.025753122820498187
500658,0.005689089218406532
500659,0.0006241454705215176
500660,0.0010420015133071926
500661,0.10114797825394904
500662,0.01221499266401708
500663,0.6243355315754806
500664,0.9103796871496647
500665,0.047474183110349004
500666,0.870592819424096
500667,0.5999422044808024
500668,0.6787724132096468
500669,0.030807852172735236
500670,0.1303903721550348
500671,0.23913244699086753
500672,0.012271999915591573
500673,0.07925557678021089
500674,0.002124721825490308
500675,0.10165016694752277
500676,0.15183234641102275
500677,0.05383323859244363
500678,0.04187986180872329
500679,0.32620125983684284
500680,0.8581937510462135
500681,0.018088906745401086
500682,0.06906371053730191
500683,0.10900966608267516
500684,0.0013457877645679174
500685,0.14856305527058292
500686,0.03948427248073519
500687,0.06550815180234468
500688,0.0030834465595230834
500689,0.12822249914833858
500690,0.6628167201537328
500691,0.0010209758769713093
500692,0.004800228681249264
500693,0.06895008978506802
500694,0.033517892920927606
500695,0.02256981756385434
500696,0.0009080596309052393
500697,0.99619993379153
500698,0.3821867786215446
500699,0.09054651324673449
500700,0.07194052780659357
500701,0.026709625494967033
500702,0.03051464373025727
500703,0.01998118357273686
500704,0.1935224669053558
500705,0.0008081835604986516
500706,0.17480411805321674
500707,0.050511680403483444
500708,0.03628368586404263
500709,0.7005650381670053
500710,0.10741089516281523
500711,0.12992711142115632
500712,0.009971350854979475
500713,0.08977882344461481
500714,0.5548412599441305
500715,0.01709661656119218
500716,0.047901029319886435
500717,0.04659121782221185
500718,0.015435003489495903
500719,0.9987354433331254
500720,0.013147650244643138
500721,0.0030021104231174813
500722,0.010556309836139656
500723,0.005086507465367185
500724,0.09923512516674027
500725,0.17112084425512222
500726,0.011261372538980578
500727,0.03691107838205489
500728,0.9229176484839253
500729,0.2404094522956125
500730,0.05210511083960234
500731,0.12763225035724063
500732,0.08033946794638573
500733,0.0002144110363382461
500734,0.011743966995853913
500735,0.20306074128021256
500736,0.2273154768890705
500737,0.8948286793654797
500738,0.0836658539052202
500739,0.0005376627028506839
500740,0.08461679372996561
500741,0.003177041134028542
500742,0.2648776896810034
500743,0.0636423192156723
500744,0.4765737311116648
500745,0.0005993247250449245
500746,0.649865319964734
500747,0.013864769859475858
500748,0.0018888753821043685
500749,0.13109167721889511
500750,0.021407261587446717
500751,0.04666591745893145
500752,0.03489704825528459
500753,0.8014023088302861
500754,0.0009459943863138015
500755,0.014775913392790408
500756,0.0023019126960537248
500757,0.99798402380556
500758,0.03655615654878624
500759,0.3877426913886476
500760,0.0002658331008273924
500761,0.012780361189476359
500762,0.004768169451041602
500763,0.3241675461541223
500764,0.057924001561104825
500765,0.012043128944272596
500766,0.001975297734320378
500767,0.0007096332244291997
500768,0.15577850043657235
500769,0.00046535124416795893
500770,0.0005215000104181459
500771,0.12281030134094123
500772,0.2587689649751944
500773,0.02074875681112484
500774,0.04259770500010379
500775,0.45766885266996077
500776,0.001966801727132107
500777,0.8960691867440029
500778,0.006865222975279781
500779,0.3156517820328811
500780,0.009895453537066974
500781,0.8055899012004925
500782,0.08953460044543617
500783,0.036427436602323324
500784,0.039406597952971106
500785,0.0023290836227890382
500786,0.5238937710584316
500787,0.11534098392028702
500788,0.0043456849028925765
500789,0.016388623953644283
500790,0.007866031307138007
500791,0.3311375909155295
500792,0.0015850079955595947
500793,0.0010757517716328995
500794,0.29320755296654494
500795,0.025202463223964598
500796,0.1577919443209943
500797,0.07415218908004825
500798,0.0015165069873954993
500799,0.0006018389106541008
500800,0.031776578084284815
500801,0.487186891682358
500802,0.0067188751600553145
500803,0.012920953924224194
500804,0.0010922351133365671
500805,0.28030466386098957
500806,0.08387673378428298
500807,0.10896686417547834
500808,0.15589710283511346
500809,0.0023295750218377664
500810,0.03863702992831767
500811,0.17614901480611422
500812,0.4583186798175614
500813,0.21308308417104557
500814,0.06149104447025615
500815,0.004645112194275447
500816,0.032261215897355734
500817,0.002924451195626741
500818,0.34042593977648195
500819,0.010177529180228755
500820,0.00220604794052588
500821,0.038166687156195415
500822,0.02138798707883199
500823,0.04052905001454464
500824,0.003550349580543582
500825,0.0010767223121699607
500826,0.0003728514709800265
500827,0.005687885246303224
500828,0.15665518469446776
500829,0.001991052029238424
500830,0.6063754519467128
500831,0.6668238868237778
500832,0.04962577659789392
500833,0.009350307823470513
500834,0.0032871897517531986
500835,0.03290454254907558
500836,0.03539157367819904
500837,0.000994683009811966
500838,0.8192282248779778
500839,0.14714297036712964
500840,0.007634775786082289
500841,0.2543482563906782
500842,0.01586532638318075
500843,0.025968084078600084
500844,0.011204266849902476
500845,0.053928971387192146
500846,0.3045456051371626
500847,0.06170330382847195
500848,0.006641618994807598
500849,0.00022859555539170442
500850,0.055737225654034286
500851,0.0039923735775061414
500852,0.005803086731965411
500853,0.5506723024762725
500854,0.8109796170701656
500855,0.9785843455714098
500856,0.057798488971703345
500857,0.39104322101487304
500858,0.03483275697926646
500859,0.004171361162182327
500860,0.019365421995700457
500861,0.012740492933812336
500862,0.0052453420545623235
500863,0.05661976207482332
500864,0.03677688296271117
500865,0.0026933833504151706
500866,0.13880343815541424
500867,0.07948280028891215
500868,0.1723863390270962
500869,0.0713632745348006
500870,0.037155254365924095
500871,0.20664650217702496
500872,0.019853832344463425
500873,0.003653436061341497
500874,0.06169314163612919
500875,0.1074153578470757
500876,0.02007683980645565
500877,0.0032586416039210087
500878,0.001309113297628285
500879,0.14553554331051946
500880,0.009255895934540525
500881,0.08532973300351439
500882,0.027369443110851734
500883,0.044226369698853116
500884,0.003246068697218463
500885,0.4672943744218589
500886,0.03150810685509334
500887,0.2517839110998245
500888,0.07882066972689683
500889,0.018068643416344326
500890,0.7242852623898817
500891,0.08551408730204958
500892,0.0021134092311936715
500893,0.20804501025392363
500894,0.03593825773601547
500895,0.22460169735954677
500896,0.1982347259048587
500897,0.036429803156197496
500898,0.0019459717955802285
500899,0.46437025632441264
500900,0.6302258600453211
500901,0.06230604282892734
500902,0.001989840771945414
500903,0.01814170410586547
500904,0.02073530248977989
500905,0.01985083092013245
500906,0.6431749349479465
500907,0.019608599628217267
500908,0.0009132558873907826
500909,0.002276600895569703
500910,0.2561217258885553
500911,0.07055243246721989
500912,0.026988012981959856
500913,0.039915723610007364
500914,0.0011277352430455968
500915,0.007806912810507507
500916,0.0029763415109523776
500917,0.0009299853205317903
500918,0.04528484144671542
500919,0.008289508132559012
500920,0.10542984478429768
500921,0.004741531739663854
500922,0.0935400762095119
500923,0.8523586225285305
500924,0.004500573517845438
500925,0.010347759587907136
500926,0.00044681486905277367
500927,0.058703955746968635
500928,0.019350061251740828
500929,0.6789522669852249
500930,0.0010761037280167872
500931,0.14111088672401711
500932,0.1579825836817414
500933,0.0007612120749488507
500934,0.05692990188032407
500935,0.00761165296672659
500936,0.02959339647799255
500937,0.22952519114835618
500938,0.015844726439593185
500939,0.0020129766781894097
500940,0.31723664930820883
500941,0.06814927538072706
500942,0.567735179171199
500943,0.015395920891770451
500944,0.1099275414945277
500945,0.13914735157398445
500946,0.016945187629378675
500947,0.002826407148435301
500948,0.1566324611647494
500949,0.4053364588893787
500950,0.00043897838825383574
500951,0.24938905238503636
500952,0.8119778121822407
500953,0.05116747336571561
500954,0.0027221721015453907
500955,0.9650060059762828
500956,0.0013346334621709228
500957,0.1565667846725254
500958,0.06672735980718406
500959,0.034077050538190726
500960,0.1817030560087656
500961,0.09473309698382154
500962,0.0016934092389135737
500963,0.1055094903852134
500964,0.009797653921019575
500965,0.45401498233987675
500966,0.0412882162777996
500967,0.6227245141614848
500968,0.014577605985860937
500969,0.034256018541102815
500970,0.049659112670374976
500971,0.012280228658749335
500972,0.9877467781727751
500973,0.001991349130143436
500974,0.022809268948164436
500975,0.4182477123573063
500976,0.8399869156634878
500977,0.004041209773066559
500978,0.024867579869251245
500979,0.003942674461121988
500980,0.10707709683545981
500981,0.03797164322109205
500982,0.10143236973260733
500983,0.0994463989088745
500984,0.9429805978026854
500985,0.00302878136934177
500986,0.0016645713420272005
500987,0.07006462302701918
500988,0.009862473556190984
500989,0.6145925853244107
500990,0.8365858549732285
500991,0.02701977915497927
500992,0.8906186069073826
500993,0.15958978973883184
500994,0.016899770228491137
500995,0.01818661827920444
500996,0.04565929052404555
500997,0.00035296432032223916
500998,0.01877417176457683
500999,0.9185842928566962
501000,0.4587107413033926
501001,0.6559501753875489
501002,0.49960741097822536
501003,0.7222855261955711
501004,0.04664649569190195
501005,0.016581371120713197
501006,0.008896198813989752
501007,0.025005333695766758
501008,0.00030375831144730637
501009,0.09005629554577904
501010,0.0010035146249744364
501011,0.00038589363032508705
501012,0.005354216392962689
501013,0.007285455705790837
501014,0.5716807636311129
501015,0.06144127926552058
501016,0.3001706253210236
501017,0.4798866508906694
501018,0.24357180870048978
501019,0.09202994406440311
501020,0.00019997368487395393
501021,0.20735517831755987
501022,0.003970955031453876
501023,0.1027421813261913
501024,0.026218446104546368
501025,0.15736643748772874
501026,0.1768192199498276
501027,0.9400339517114007
501028,0.0006573251795936218
501029,0.13995527530305238
501030,0.001395432906244952
501031,0.8754357350459472
501032,0.0697034787990398
501033,0.09377577229419373
501034,0.1354620151502112
501035,0.0005726474201086312
501036,0.6400949670488546
501037,0.09097223225838381
501038,0.005794933068076767
501039,0.01741581619021667
501040,0.00041348246705523217
501041,0.2292579960725147
501042,0.026398532442485752
501043,0.0013720392395462308
501044,0.025907469204974432
501045,0.0024059985261632544
501046,0.048724440223177914
501047,0.024835904859974278
501048,0.0009125608693691642
501049,0.009757441131507555
501050,0.2229500838560675
501051,0.24778395416368104
501052,0.0005783508645369422
501053,0.008735014961271688
501054,0.9344946697179132
501055,0.021687917933558294
501056,0.02474067099847688
501057,0.8039984025424297
501058,0.0033734578769679816
501059,0.02671699978339221
501060,0.016510566192825173
501061,0.036287948118478006
501062,0.003120523290884556
501063,0.08902618716949584
501064,0.02600513444109151
501065,0.042943451697600936
501066,0.01561790313121411
501067,0.01624043876695486
501068,0.003310687239668799
501069,0.11709683245633697
501070,0.0537672847241105
501071,0.054140864936647465
501072,0.02082655290658766
501073,0.0032642310261798845
501074,0.21311121152396356
501075,0.002628755319147107
501076,0.4831005431323599
501077,0.10142123486123453
501078,0.048455785548778815
501079,0.06744346898169648
501080,0.005362527355614419
501081,0.9100498844732229
501082,0.04667482067461584
501083,0.14645373470283266
501084,0.12444850767307902
501085,0.06679446610796537
501086,0.008236524920921112
501087,0.0015088357222433795
501088,0.10766094913501195
501089,0.3594105968632071
501090,0.006322418476288918
501091,0.7689683554820266
501092,0.0012363566871568799
501093,0.02749256088310472
501094,0.9670449426053329
501095,0.8563444759249871
501096,0.03207958243832594
501097,0.005921074001905663
501098,0.044304733842136367
501099,0.055477261809949635
501100,0.10824867658809909
501101,0.021388381824863877
501102,0.23328130524295485
501103,0.2193241715170663
501104,0.14130961840076636
501105,0.0002096352746418321
501106,0.21643565247505378
501107,0.930600663350889
501108,0.19325748785159963
501109,0.010155526667538236
501110,0.0069607488037476415
501111,0.019949424022240734
501112,0.051231604767509174
501113,0.2907117604967543
501114,0.003108788314203585
501115,0.9936725600778861
501116,0.07863454778340744
501117,0.25596304981078843
501118,0.00016081928295449009
501119,0.30422986333837176
501120,0.5488855576917745
501121,0.16590932756408816
501122,0.0007833683724790757
501123,0.5858552393592279
501124,0.2911709808278007
501125,0.038224686874598485
501126,0.29053544862327835
501127,0.02200262674626059
501128,0.2204689677963421
501129,0.7229101673039225
501130,0.029592513907075558
501131,0.7884595805771136
501132,0.10415678303395691
501133,0.011191349755312998
501134,0.020567377523864068
501135,0.002315360815723707
501136,0.8286061832411803
501137,0.004755536291263774
501138,0.00849333688965894
501139,0.30159680695275337
501140,0.7158762388242498
501141,0.1183305694092879
501142,0.029758100636996788
501143,0.02447519120013112
501144,0.4838444610128659
501145,0.021156810699144064
501146,0.6614893112187211
501147,0.028093833242592476
501148,0.08976433934034414
501149,0.0021457603640610873
501150,0.02810852093298354
501151,0.8650882092330209
501152,0.13074651264243722
501153,0.19940453889320114
501154,0.0024303876484361555
501155,0.02873551280433306
501156,0.033680620097104444
501157,0.24547390115677026
501158,0.04519188014484277
501159,0.24741701932933385
501160,0.1900737108251802
501161,0.024473657791666
501162,0.020512351228339394
501163,0.23203179063957105
501164,0.22645155556477906
501165,0.84894447133968
501166,0.8854843283514648
501167,0.019289175413537932
501168,0.15626719451481044
501169,0.0005201216695752942
501170,0.041707657449462976
501171,0.038864407373447006
501172,0.000339599589121065
501173,0.04469897131613525
501174,0.8174512428102199
501175,0.013355288421905288
501176,0.030396291230988425
501177,0.0016452530370087272
501178,0.9410234280749585
501179,0.006628890551857824
501180,0.5754054003465588
501181,0.7639037223089413
501182,0.05548012611924179
501183,0.8578115495252809
501184,0.020815750180317304
501185,0.09645340491738356
501186,0.22141741604079282
501187,0.4531311069324802
501188,0.8054533924274321
501189,0.9907820630609013
501190,0.0017982877145408906
501191,0.9088958329180603
501192,0.3977645146565393
501193,0.7615913649043532
501194,0.05596506911401546
501195,0.49097807346660094
501196,0.23933554772162122
501197,0.0020967088311409604
501198,0.4111873347352413
501199,0.006763945706814664
501200,0.010776760325340163
501201,0.37241156091866756
501202,0.7308693294840979
501203,0.6715215800618585
501204,0.23673877028001356
501205,0.07312389260914012
501206,0.3186062744400321
501207,0.2421418636842616
501208,0.03863469678538734
501209,0.00039330216775888366
501210,0.014931024556803658
501211,0.0950773508654134
501212,0.7707237811894733
501213,0.22589013079311482
501214,0.018482899435658427
501215,0.03807744620759199
501216,0.15010799380653597
501217,0.04913765872682006
501218,0.0005971929236328915
501219,0.26781676869300247
501220,0.09671935542488312
501221,0.026941113994788983
501222,0.008235360908521313
501223,0.10311295922809315
501224,0.008299033633352267
501225,0.04659953299556812
501226,0.002704314161051771
501227,0.19066452690665742
501228,0.06749292631718068
501229,0.015460169449838955
501230,0.021450787564186887
501231,0.5872497347522941
501232,0.8531318818386907
501233,0.026064819331583063
501234,0.005053157259888165
501235,0.10242749025256748
501236,0.000658680425694487
501237,0.08397426893331116
501238,0.07604253410582737
501239,0.010592772798972515
501240,0.7071121980671824
501241,0.06823213370104014
501242,0.0021371978242880085
501243,0.019889585489642512
501244,0.02045679538340561
501245,0.1979374101578768
501246,0.012805219239893344
501247,0.0008515860193962794
501248,0.0015686073627603078
501249,0.04158022970501609
501250,0.36855734679642915
501251,0.0009329081788163846
501252,0.29154430744818877
501253,0.0236651679753578
501254,0.294327977799881
501255,0.08586763718930256
501256,0.724057326147242
501257,0.08278503401526004
501258,0.9054859610046307
501259,0.0034763367798591265
501260,0.01908233020846216
501261,0.007713890132593267
501262,0.0026635455193275135
501263,0.5190037213049706
501264,0.051407518660461324
501265,0.09723184751130812
501266,0.23693597996158433
501267,0.00950223905032871
501268,0.07513856246261527
501269,0.34434054395403985
501270,0.0030151652331671104
501271,0.04613748331421752
501272,0.06062524801921834
501273,0.12328821606701433
501274,0.032222627591226856
501275,0.0625731525778277
501276,0.07873368624958292
501277,0.0007605026261048152
501278,0.6213032387876144
501279,0.0015970785759864198
501280,0.0022063825191670438
501281,0.5661727617986684
501282,0.0024167702643592753
501283,0.025475279537777645
501284,0.025764078699990933
501285,0.045377616411485765
501286,0.0051429092151971684
501287,0.30482821413397776
501288,0.9642291915464517
501289,0.03744745932650497
501290,0.6872547862220939
501291,0.03151473790840311
501292,0.048785445617527165
501293,0.008322285940166313
501294,0.000693903951906054
501295,0.010044403434979848
501296,0.30372252533410116
501297,0.06145330409857066
501298,0.08316870683698345
501299,0.008749750147367988
501300,0.0019554710928707995
501301,0.8268964306769327
501302,0.37191849757140055
501303,0.003697623693461522
501304,0.004986088763576587
501305,0.0009246576613928247
501306,0.4860129096433255
501307,0.9974531807587663
501308,0.01633505641616262
501309,0.08265822358054575
501310,0.4763448133080257
501311,0.012190812188932077
501312,0.5357587456817448
501313,0.6420528647706607
501314,0.008652226436612124
501315,0.21328397795722484
501316,0.0077510320418039125
501317,0.01423244856441433
501318,0.005277291072387875
501319,0.04137980573051936
501320,0.011475064681935099
501321,0.056301170223817844
501322,0.3229628613148036
501323,0.013549248694412753
501324,0.036091285824644756
501325,0.04614029762318456
501326,0.21818202562122982
501327,0.4295920199092314
501328,0.06083497742449094
501329,0.0029684790912789813
501330,0.2417702135795254
501331,0.04761960639180776
501332,0.0009682272045065538
501333,0.09349295402099016
501334,0.1721868328419293
501335,0.015004322075259402
501336,0.0001423209380119219
501337,0.02229689109945939
501338,0.0017841746149934357
501339,0.14391309906587202
501340,0.2357724854480873
501341,0.05515469419424628
501342,0.13299408610896005
501343,0.628442066386315
501344,0.5021247878605457
501345,0.0028839463900798366
501346,0.04585488296431604
501347,0.0010116647154153563
501348,0.0010722937297901816
501349,0.025366381518450373
501350,0.540340523592224
501351,0.001167884301220495
501352,0.009368008848672298
501353,0.020718311860562718
501354,0.027893698414210372
501355,0.32756992603863455
501356,0.007404517452282268
501357,0.00660231295320415
501358,0.9662110829617371
501359,0.13702870755341973
501360,0.01293555007335104
501361,0.05021580923726938
501362,0.004318226615948707
501363,0.01836395182062459
501364,0.7224669400253724
501365,0.05433707073577835
501366,0.013653469033962607
501367,0.012725192626297387
501368,0.022766532045128716
501369,0.023933689378793
501370,0.06623520672706178
501371,0.006024133313333472
501372,0.0023958672437116063
501373,0.003911036302343437
501374,0.33716697240498417
501375,0.005748003340193903
501376,0.07906434593227087
501377,0.05239783535952206
501378,0.8100329286676526
501379,0.3460084391394805
501380,0.0035911417142793704
501381,0.1573891049921745
501382,0.08104572653810994
501383,0.3997187235336339
501384,0.8516298069361999
501385,0.013502364904630122
501386,0.9686852030813776
501387,0.01571037383461698
501388,0.0011288912124719675
501389,0.3248948552021419
501390,0.030650814854878153
501391,0.31015265330751335
501392,0.9281691734093743
501393,0.05138760953768671
501394,0.032011332729364766
501395,0.06528273929067578
501396,0.005246103921072542
501397,0.054948504799292
501398,0.0021228621129260245
501399,0.0015505443753287018
501400,0.029897729921857952
501401,0.553648744520771
501402,0.0524641675446592
501403,0.1719141170822457
501404,0.4994077503107354
501405,0.1300494751669709
501406,0.0063428195782222726
501407,0.024625836310380664
501408,0.711157984212958
501409,0.24976069596527226
501410,0.12019731426107369
501411,0.4468064155003187
501412,0.012477600799225793
501413,0.025607646490674152
501414,0.022789533387581704
501415,0.006384463000856486
501416,0.1566632945114386
501417,0.039377205400830756
501418,0.21569122167393642
501419,0.64378776211006
501420,0.02405476269383563
501421,0.07426868298138047
501422,0.043912852833558655
501423,0.05147649218776449
501424,0.06393959110995275
501425,0.016848278942258713
501426,0.659340198516172
501427,0.16734230048733192
501428,0.002410412801881225
501429,0.00042634653547057584
501430,0.003289352046637698
501431,0.031017033007908753
501432,0.018234858203721886
501433,0.04109565456961837
501434,0.018307238125338052
501435,0.012178277891545537
501436,0.011820873319230114
501437,0.029114269829036664
501438,0.8112166259710846
501439,0.9912859067792675
501440,0.05589199630272443
501441,0.6694975409693307
501442,0.04161351256890794
501443,0.10091790656897112
501444,0.7932414364978431
501445,0.002968426756239223
501446,0.020748700624518085
501447,0.4876918876351467
501448,0.050551063121009675
501449,0.9354295045395201
501450,0.48432040124398246
501451,0.0013626754490740642
501452,0.006885926260280816
501453,0.014641060902369862
501454,0.010449998776605686
501455,0.012701696838594394
501456,0.2669861292319327
501457,0.1412262390177771
501458,0.8598087674259999
501459,0.337732118447977
501460,0.04437883282496581
501461,0.003171313423991151
501462,0.4950039121357795
501463,0.0747462076610809
501464,0.00017336394533338498
501465,0.008787028110666778
501466,0.009107621411276317
501467,0.8768691234044255
501468,0.21269894056978375
501469,0.010166759507144504
501470,0.0018526649870470964
501471,0.067072152465348
501472,0.0007267441707916281
501473,0.3132182053166672
501474,0.03433780417062628
501475,0.052263085367716976
501476,0.1224511068423234
501477,0.8924435658653488
501478,0.0028933624697992607
501479,0.06124656155221944
501480,0.002258278932246666
501481,0.0011040175804366082
501482,0.04543718836582617
501483,0.1178077038510809
501484,0.004543328364651728
501485,0.039243685889984
501486,0.005524258419373565
501487,0.003951034934119672
501488,0.24229204566082246
501489,0.015925966528940967
501490,0.008822651578061749
501491,0.08345838507680817
501492,0.2222903021882891
501493,0.006573763077302366
501494,0.0059282493098417625
501495,0.12120723078076623
501496,0.14005284543272786
501497,0.006229016557537043
501498,0.023129311691208056
501499,0.06309117205824594
501500,0.014552905275414179
501501,0.008141216946539583
501502,0.8280219764853949
501503,0.02242334639314236
501504,0.035658594165628214
501505,0.017699481982703776
501506,0.014024580506671875
501507,0.09990616013244419
501508,0.01014316759172614
501509,0.3297017187855954
501510,0.19092318370082256
501511,0.6664076115801482
501512,0.039807460755444155
501513,0.001541365039435664
501514,0.016255935849505087
501515,0.48231031144494413
501516,0.033465612065099855
501517,0.047243971303054896
501518,0.06803083951069656
501519,0.8708234477083802
501520,0.05626169869142683
501521,0.08338120681710193
501522,0.4662285106862919
501523,0.061556125764791504
501524,0.0034596183263253507
501525,0.05344745294220203
501526,0.44004604312809426
501527,0.14176189854872967
501528,0.0005066219048652986
501529,0.07110231542119681
501530,0.0013170645887773513
501531,0.022188226200333942
501532,0.4169024008070094
501533,0.04079358729532938
501534,0.09252809323452406
501535,0.030630884880669666
501536,0.057578927694241416
501537,0.2104582534956719
501538,0.09402136999122167
501539,0.04633565991077987
501540,0.012722015635865279
501541,0.06991368629943749
501542,0.06164947536986193
501543,0.001458652910531927
501544,0.15257361338361414
501545,0.0021015301331038065
501546,0.0013935738473164101
501547,0.0013459325644997484
501548,0.3065852748140683
501549,0.20952357831021207
501550,0.9728051773872811
501551,0.005939216466483785
501552,0.007007839772578255
501553,0.07903566239667127
501554,0.10666597693037076
501555,0.08453323712755782
501556,0.03850017962051164
501557,0.021775036016419714
501558,0.004237117262659974
501559,0.022933746999154257
501560,0.009238143714775892
501561,0.0688746603051703
501562,0.3644608071686739
501563,0.029010688829199816
501564,0.02738335875211302
501565,0.007523927907729044
501566,0.5327313546638316
501567,0.3229980363273055
501568,0.48798080457659376
501569,0.011985414958876294
501570,0.459840565407246
501571,0.000872840307511502
501572,0.010327156646024911
501573,0.10190045536788661
501574,0.0011169801617888625
501575,0.12013711141452628
501576,0.020261614304501015
501577,0.7674136211804014
501578,0.04382903116753687
501579,0.04598240314849018
501580,0.004743583356589087
501581,0.035995232341662076
501582,0.5619989060365992
501583,0.007337974525172073
501584,0.06298767864671954
501585,0.13221474605580522
501586,0.002608302925497333
501587,0.007088920142455833
501588,0.2500334534070118
501589,0.004735167317916048
501590,0.019321420659011313
501591,0.6014021902973795
501592,0.2896207881180137
501593,0.4173401456291696
501594,0.01472150876520215
501595,0.23872708511312676
501596,0.04322856632600716
501597,0.000881182064071549
501598,0.06396297438643746
501599,0.13376434726695519
501600,0.00467779024276531
501601,0.05495292408369012
501602,0.008718657082496178
501603,0.10179985470228398
501604,0.023680082993563705
501605,0.012089368411333092
501606,0.025200485296652603
501607,0.012020049874879762
501608,0.022274154367973923
501609,0.03084512944858241
501610,0.07059304259021021
501611,0.1273219195336282
501612,0.004222611811151103
501613,0.6797018600284321
501614,0.04264957425322251
501615,0.7400620504687031
501616,0.1445855007188126
501617,0.00047915194248508795
501618,0.012410951221751947
501619,0.12761422736476521
501620,0.07228483301335273
501621,0.8878708446186225
501622,0.004032180159228756
501623,0.029972723245127897
501624,0.9359693954693104
501625,0.048772538197860184
501626,0.009384422825774065
501627,0.032996437476765755
501628,0.0332383996233226
501629,0.0557455366371025
501630,0.9256701483261257
501631,0.025092117000702848
501632,0.13315501077131148
501633,0.004063248842577639
501634,0.017764323795469796
501635,0.6493439920658075
501636,0.001566930849834908
501637,0.002499640972644114
501638,0.002140609783108441
501639,0.03639153553718946
501640,0.09646728274997597
501641,0.9937317534649093
501642,0.022514845104311062
501643,0.8200029326957857
501644,0.014408593521383267
501645,0.00723645110407289
501646,0.27392626876386533
501647,0.015053853974922293
501648,0.03755705840751902
501649,0.006962730184509253
501650,0.8555112237741178
501651,0.366118987453872
501652,0.010911255901382496
501653,0.012148274028383553
501654,0.028432790719868484
501655,0.04193323624309996
501656,0.7621597885866284
501657,0.04143339632946324
501658,0.03483785274746004
501659,0.27052517898417594
501660,0.010675529945821648
501661,0.20175651914841505
501662,0.005708188145021874
501663,0.03290421055726476
501664,0.041103364843110654
501665,0.10796436282598429
501666,0.22001211679298857
501667,0.09789485856265003
501668,0.008002639545123157
501669,0.80406129257264
501670,0.034372842925382355
501671,0.10049220946539367
501672,0.018861672847829553
501673,0.12175028937016236
501674,0.07253021140592565
501675,0.004059070464099694
501676,0.21598970878555182
501677,0.03512340845384051
501678,0.0007788058459160797
501679,0.06957899870093845
501680,0.03925327156305699
501681,0.12476402306218065
501682,0.0003195584055214635
501683,0.018203033869609003
501684,0.37322957466585144
501685,0.05205905867612016
501686,0.14049933109955792
501687,0.040143566236634134
501688,0.024258477418583387
501689,0.0031076964849864677
501690,0.007990978230040257
501691,0.0022726868736191895
501692,0.0018764229410926996
501693,0.010380984299387244
501694,0.021807335491242686
501695,0.02004353130728665
501696,0.5371054238090105
501697,0.14104231074633014
501698,0.002511875459357719
501699,0.14557204159568193
501700,0.0032155900756084387
501701,0.09297513480279
501702,0.012118158046914016
501703,0.0019717169266934087
501704,0.005770123931755801
501705,0.051743259696881476
501706,0.5901253843101272
501707,0.022800524683100717
501708,0.041275136064396825
501709,0.033980222821173564
501710,0.0014527008078319109
501711,0.00097844695521385
501712,0.13640249419267503
501713,0.17370399108505105
501714,0.03274686157058937
501715,0.0011053414405579952
501716,0.03176378389875368
501717,0.04477413439590306
501718,0.00833147276521252
501719,0.021081387468660277
501720,0.26738911673368987
501721,0.055781110820794455
501722,0.19367128731740263
501723,0.0006593451607592693
501724,0.001412715151034433
501725,0.07213141447746166
501726,0.9070043444968072
501727,0.916160550676093
501728,0.4214890944374056
501729,0.05929117745844082
501730,0.0026673662615660453
501731,0.05222630758476328
501732,0.004731948482231697
501733,0.34386583959256645
501734,0.02039960576813737
501735,0.24877879714586787
501736,0.06081170091932265
501737,0.05971618676752413
501738,0.01754166857857034
501739,0.014817550412052136
501740,0.026050017939415165
501741,0.014711242543690902
501742,0.10757714790902949
501743,0.19312133306120272
501744,0.0014294354481490948
501745,0.0026611260528627534
501746,0.21976454322278785
501747,0.03557682860540829
501748,0.003594975437732818
501749,0.0033994520331505013
501750,0.007141839249914415
501751,0.0016268347286065884
501752,0.01092479451781113
501753,0.026783552971705538
501754,0.014973483976756822
501755,0.33630383172802103
501756,0.020159461582666
501757,0.0004803825469205141
501758,0.5604684890226392
501759,0.003906553677673389
501760,0.02728872625488936
501761,0.09227571568636261
501762,0.000780605891814052
501763,0.004853347025041555
501764,0.0008619651496096957
501765,0.10986470034805236
501766,0.019671188095407178
501767,0.00386207067476744
501768,0.3299004967080503
501769,0.45325134646967613
501770,0.18508343212965028
501771,0.19924251558389836
501772,0.04534902389151201
501773,0.071602254764422
501774,0.039298640566716087
501775,0.8683127676233288
501776,0.04442424354893335
501777,0.017396696258749934
501778,0.4838445897596041
501779,0.17755229236961417
501780,0.9928930112019082
501781,0.0029195179610669074
501782,0.8303523651077361
501783,0.0008174010487010996
501784,0.020553910699405233
501785,0.0033294149990975
501786,0.05893455069758349
501787,0.48128952122477836
501788,0.0005104083740820285
501789,0.03925006946539067
501790,0.00043355660792918744
501791,0.11920700240434709
501792,0.20902301880317345
501793,0.452665679562234
501794,0.002066946187828559
501795,0.6720556921431804
501796,0.001400304821939753
501797,0.0010822219482523369
501798,0.04898874261891965
501799,0.03737090763454187
501800,0.008099515225914585
501801,0.1202539442965013
501802,0.18120193685268018
501803,0.2441412561622837
501804,0.00032713700390331194
501805,0.06554721768128478
501806,0.9878936277333852
501807,0.0020779991382022705
501808,0.03236908608866491
501809,0.24395095885824017
501810,0.029835341396108453
501811,0.022744972872853736
501812,0.06932657636850091
501813,0.1203844876297834
501814,0.003947537391114328
501815,0.030297830471826655
501816,0.11824946940053774
501817,0.028440434809233042
501818,0.6698467616198568
501819,0.0028231168269970586
501820,0.783345521408605
501821,0.04439679274616296
501822,0.007782899821829951
501823,0.03624771400322273
501824,0.8757252040338084
501825,0.016202408741019733
501826,0.017297893369908276
501827,0.011685211485559127
501828,0.0005240679833377628
501829,0.027664331542251314
501830,0.003869226384435256
501831,0.21311504682755342
501832,0.04386381065023265
501833,0.8285397024134978
501834,0.9160469177555084
501835,0.24442112905216998
501836,0.7029408677270281
501837,0.014941130913495186
501838,0.024623271324111535
501839,0.017625096547380877
501840,0.03692988901301195
501841,0.46154088561045065
501842,0.061622563791770175
501843,0.6164598333167682
501844,0.00452202972310397
501845,0.4879713839388234
501846,0.008897580877878643
501847,0.026134792258443576
501848,0.007564954716138333
501849,0.0004757495945519302
501850,0.008107592608184012
501851,0.8843113949088486
501852,0.00749031331770943
501853,0.12284189434532597
501854,0.005183854145728045
501855,0.039636562385507806
501856,0.011958442447579772
501857,0.04449071090311145
501858,0.07951095225519639
501859,0.10538644987037399
501860,0.3691506887834589
501861,0.012037062192656293
501862,0.06919681826738307
501863,0.0007164472834561263
501864,0.05733405284626998
501865,0.0015008480836759333
501866,0.002670758841410351
501867,0.08640988627691698
501868,0.68747645287761
501869,0.01613119736933808
501870,0.053724049898061274
501871,0.7167189157035526
501872,0.000445032798701641
501873,0.009569248611088146
501874,0.03688959053997069
501875,0.0013247071947828592
501876,0.08669551741738471
501877,0.5287297554503912
501878,0.015442158491036025
501879,0.7997189117831671
501880,0.030296700251261702
501881,0.010979656292223484
501882,0.01669485839272974
501883,0.059982876258047386
501884,0.007290541777940336
501885,0.006952982495313439
501886,0.00971674705233586
501887,0.11411857503252842
501888,0.14666894839704947
501889,0.0032757316552432135
501890,0.0010253275734782752
501891,0.9843921551187779
501892,0.0003585588719472281
501893,0.740456099530128
501894,0.5657679288101856
501895,0.21466947582174015
501896,0.0950974897453825
501897,0.017800927056293187
501898,0.7156353334680735
501899,0.02957150941739897
501900,0.023668325586799373
501901,0.0017162149655243941
501902,0.17831560911385494
501903,0.0007015297636493535
501904,0.0021032348561125075
501905,0.04874929060997769
501906,0.001193298961537375
501907,0.01019045770423995
501908,0.0010895760525850813
501909,0.00356466742084265
501910,0.0005939973522638293
501911,0.0249217244228209
501912,0.01248088172780741
501913,0.009598677572461228
501914,0.6342996028069734
501915,0.14165270624830673
501916,0.6472414063264688
501917,0.016608965640761003
501918,0.03405014100446911
501919,0.016283416759799114
501920,0.012518595792695209
501921,0.0072815176243009715
501922,0.10465026566310465
501923,0.07194795145221662
501924,0.09153797620818707
501925,0.02212880592995234
501926,0.0025802405073956022
501927,0.006506386093313485
501928,0.005790938256706938
501929,0.9956993009821729
501930,0.021883280134530926
501931,0.08466666554909939
501932,0.02860178016121063
501933,0.5147775450849635
501934,0.20609844321512294
501935,0.0010991231601978199
501936,0.0007918655308703334
501937,0.03663002509097827
501938,0.0677193117155565
501939,0.05701102235478205
501940,0.02414382382311877
501941,0.5468724300860542
501942,0.07828940659767142
501943,0.03630652152851019
501944,0.11238046415578742
501945,0.004922491363284956
501946,0.023547201342875468
501947,0.1339301767785755
501948,0.003398273459529143
501949,0.013964319664027674
501950,0.001021258279884748
501951,0.13613431009416602
501952,0.21563931671584094
501953,0.10108387745894971
501954,0.038021508744346996
501955,0.009022789641791575
501956,9.94990203445771e-05
501957,0.02505105004000468
501958,0.1077378686383466
501959,0.037800227519549506
501960,0.04948584213818671
501961,0.04978659242060997
501962,0.022033256849957408
501963,0.9211339553017529
501964,0.021775435965281812
501965,0.6321072000821427
501966,0.10684488338703839
501967,0.06921263161775135
501968,0.00024804680464662524
501969,0.022140977191659625
501970,0.024732534823016544
501971,0.003650264736436988
501972,0.07617063392234334
501973,0.0006146222636634377
501974,0.9994148229416437
501975,0.27787008519905076
501976,0.18144787396681827
501977,0.1816390169830091
501978,0.07932747376871388
501979,0.19246800677405482
501980,0.022972496991932472
501981,0.11429323803827264
501982,0.009870705206421674
501983,0.010488908747718595
501984,0.32914367091176705
501985,0.10573196514536257
501986,0.03716445635189061
501987,0.05402004428221852
501988,0.011154463765399225
501989,0.028314660286313242
501990,0.025515986856305524
501991,0.10065923537760944
501992,0.68883657113157
501993,0.07668588544350631
501994,0.019651108384301397
501995,0.031711806681719225
501996,0.13502856865370808
501997,0.29544729417951837
501998,0.11478681571276934
501999,0.005057692241303087
502000,0.007293921482675399
502001,0.07505011209483699
502002,0.006006240193444846
502003,0.23865064568186498
502004,0.0035893651318167972
502005,0.5549597555620318
502006,0.7298379595815946
502007,0.5342130007865177
502008,0.4379365015378247
502009,0.0413356640101241
502010,0.0012990677506646336
502011,0.03524701884050002
502012,0.029350902809063054
502013,0.01832881708207237
502014,0.9206866667331709
502015,0.20089298632046382
502016,0.0013022402585765047
502017,0.0212884921162789
502018,0.1721264652516001
502019,0.03565433170788649
502020,0.06361551854569966
502021,0.3101483621239759
502022,0.003164526219276043
502023,0.19510579817469795
502024,0.012162237247313612
502025,0.17325928990930592
502026,0.002978366268202089
502027,0.14876830869401753
502028,0.5838661327941468
502029,0.6852268005258924
502030,0.2729218619814288
502031,0.176566336356601
502032,0.011136738149206871
502033,0.012429613423119467
502034,0.02443129585332495
502035,0.04562484190867166
502036,0.007496249642408712
502037,0.022284441047939273
502038,0.024955021588037644
502039,0.010061118335194442
502040,0.1367865736992696
502041,0.0007043656574358491
502042,0.010835054432408035
502043,0.3417545294875291
502044,0.002189363781550875
502045,0.00042359102397444625
502046,0.0030626761959663415
502047,0.02380443813637516
502048,0.0538858386843926
502049,0.22697699529317877
502050,0.03998518756717364
502051,0.03832304038959975
502052,0.06496978295973926
502053,0.006728287150012834
502054,0.08387212922849838
502055,0.9115717981702114
502056,0.03334036796818054
502057,0.08010963401319202
502058,0.3581914207178879
502059,0.13002108697711254
502060,0.042358403057599726
502061,0.15467797058883867
502062,0.026322059788453277
502063,0.026283978714971894
502064,0.025034327566339623
502065,0.17169997385330185
502066,0.8095687084614178
502067,0.0013932967751348222
502068,0.055959819435264596
502069,0.1220787025531294
502070,0.10505034863861153
502071,0.2118000395950869
502072,0.014615739345766203
502073,0.026141420371614207
502074,0.001930770420268324
502075,0.04289797962792857
502076,0.008817692389324323
502077,0.20443624697866303
502078,0.31172932238318685
502079,0.029139915039790572
502080,0.0006829180445475094
502081,0.7080443317410602
502082,0.011247969744563912
502083,0.14021854237088344
502084,0.3578552659927316
502085,0.0006482123354026744
502086,0.06847571195288073
502087,0.009452889595830048
502088,0.0020408115571263004
502089,0.08787255090838861
502090,0.12844946040597888
502091,0.9864578551004098
502092,0.007297085985884117
502093,0.0004981702284706781
502094,0.21174500878845434
502095,0.041767005536675415
502096,0.009322853021098127
502097,0.054864742050864765
502098,0.004298336061322616
502099,0.02462042937665734
502100,0.12442513437715921
502101,0.0030509629425185827
502102,0.035422831317259415
502103,0.9131765157574323
502104,0.015512637628959205
502105,0.11121584514360956
502106,0.08658718631813554
502107,0.9530631014436154
502108,0.3068551284610989
502109,0.22189584611308086
502110,0.0068299210548239545
502111,0.014057439565260742
502112,0.005236676128844035
502113,0.009015221104279407
502114,0.01469693816944616
502115,0.9271899794925468
502116,0.3447584155281703
502117,0.2235918109929006
502118,0.006014377260072686
502119,0.12320172859140543
502120,0.02425417775621403
502121,0.010481212802866574
502122,0.10155465118020315
502123,0.009930761405596957
502124,0.0015052629726454085
502125,0.009222513694139203
502126,0.03179634115594922
502127,0.004521930445551664
502128,0.01561999610018743
502129,0.23776572369190438
502130,0.013784453636166467
502131,0.04793826847334797
502132,0.10654925415385226
502133,0.06244179035349153
502134,0.7078450407307104
502135,0.2957657805848229
502136,0.0012390117150411313
502137,0.001082875983392383
502138,0.1038982767902668
502139,0.015199540662806788
502140,0.033187239687495936
502141,0.06009545179139909
502142,0.14391898041724036
502143,0.15516939762954146
502144,0.0017092439569303672
502145,0.7988138462036753
502146,0.3667471305069003
502147,0.0015562831583895752
502148,0.0015505640524780448
502149,0.023832319220111926
502150,0.0015278615978090554
502151,0.36020959672923564
502152,0.005048706555228573
502153,0.4342599517113373
502154,0.004944813775671643
502155,0.04258581237164352
502156,0.6963942226019445
502157,0.0018408244238455136
502158,0.0018047022518170451
502159,0.33690882433227526
502160,0.03541034100008424
502161,0.221743077926959
502162,0.20349711939955373
502163,0.016243504376213518
502164,0.020031151350321453
502165,0.007514033150302739
502166,0.014083620414385878
502167,0.003534521436877179
502168,0.015730259780998936
502169,0.04528317932326057
502170,0.023407287738089158
502171,0.42515577335273014
502172,0.033370743503818495
502173,0.0014214453972952008
502174,0.005349302499466178
502175,0.19871680921842755
502176,0.0348207508094138
502177,0.35396523672501773
502178,0.006577794445057539
502179,0.0008068375120725829
502180,0.03338974146689483
502181,0.8470866287384056
502182,0.0008640914683873471
502183,0.6529939667350795
502184,0.04935380678712667
502185,0.016963921903500937
502186,0.23620944466237967
502187,0.013583460613289166
502188,0.3430406155871578
502189,0.08942893230433442
502190,0.17709641051941402
502191,0.19641562015534975
502192,0.005028645861586402
502193,0.01685356629999343
502194,0.005507460376434785
502195,0.014494072504984804
502196,0.009958679121895183
502197,0.17946769697459786
502198,0.022373389445021367
502199,0.009315527692803728
502200,0.007871930449871079
502201,0.008580606127140396
502202,0.0007459095244301707
502203,0.0402226973551413
502204,0.08254868136854467
502205,0.0050898423756936045
502206,0.17998412343976267
502207,0.246278747846218
502208,0.2623524022149943
502209,0.05300992831657389
502210,0.05800145768669188
502211,0.0016872432787288858
502212,0.0004207564612888701
502213,0.15031798636273336
502214,0.03219512921754186
502215,0.015207145357611834
502216,0.93013078214404
502217,0.03857865416944137
502218,0.1295616892125692
502219,0.07376814033215452
502220,0.5250188533574706
502221,0.002364876648001655
502222,0.9085828489873441
502223,0.014037024282197564
502224,0.15206221300080877
502225,0.06687627951619772
502226,0.17378546274222642
502227,0.07504893545093028
502228,0.049525964973345896
502229,0.012370604301560619
502230,0.2574271601996503
502231,0.03799641489041646
502232,0.9523842580771655
502233,0.16900247082097425
502234,0.5264097275747586
502235,0.6229430370415819
502236,0.12485378380937653
502237,0.3720533380589397
502238,0.44276324857928007
502239,0.004686437387928623
502240,0.4803411612658027
502241,0.2656161081833563
502242,0.01942014218686752
502243,0.0576286942617956
502244,0.004157315965032182
502245,0.04284665431507257
502246,0.00825283846611419
502247,0.1346274928013703
502248,0.006930864007296579
502249,0.013776013369593455
502250,0.11338902660215715
502251,0.5902480845648762
502252,0.02048601199524319
502253,0.023938321193853074
502254,0.011061768646588243
502255,0.96290243904164
502256,0.001233576841116206
502257,0.0019962862969281994
502258,0.05842993349034187
502259,0.012922685720741343
502260,0.005178255176136913
502261,0.036611614587074535
502262,0.2942344323968598
502263,0.0007535832297279241
502264,0.0376553939232899
502265,0.003292769964617556
502266,0.022603252545277962
502267,0.015619551581100032
502268,0.035313849386591774
502269,0.05926712450682334
502270,0.09654697494166525
502271,0.0032111386793621244
502272,0.005531077142816785
502273,0.09317285731959996
502274,0.8891389325810736
502275,0.7203151752332212
502276,0.018483122400233924
502277,0.012576188499785926
502278,0.03687645589947404
502279,0.0026516110273710133
502280,0.042078578510269804
502281,0.005380256037238939
502282,0.1821836366901204
502283,0.03976498609153196
502284,0.8163210490495388
502285,0.06602693078114258
502286,0.6823815520376472
502287,0.0128134288523926
502288,0.0008012825688089949
502289,0.20969760787876393
502290,0.27185492979472203
502291,0.26952774267048835
502292,0.2377620344134755
502293,0.08534841873356448
502294,0.07464158024419507
502295,0.11492743039581248
502296,0.005177630078758726
502297,0.4653426922585505
502298,0.2545329332491383
502299,0.17216920518133597
502300,0.03339209696097441
502301,0.014163538114877661
502302,0.14651296973875189
502303,0.004017371507786536
502304,0.05825391133360156
502305,0.8883849633981099
502306,0.09437980080717961
502307,0.0011341759171136845
502308,0.020563036580890922
502309,0.0008541058258889604
502310,0.0650955978765488
502311,0.028275088389176625
502312,0.0055093914684380425
502313,0.022373746195685922
502314,0.030750182341882946
502315,0.7525620799851266
502316,0.4111076811758721
502317,0.002260429543661554
502318,0.1295077336637134
502319,0.6889576414430241
502320,0.45419771924084174
502321,0.05205722314334799
502322,0.08947841746811232
502323,0.007058689933850895
502324,0.009621704236329891
502325,0.0010463390384594146
502326,0.0004171586375202302
502327,0.17739486659968473
502328,0.7034913925859754
502329,0.3220082586708493
502330,0.050504745052808726
502331,0.004258019173285329
502332,0.007853778470750734
502333,0.023773364849753374
502334,0.08414910244023534
502335,0.005865117203280729
502336,0.5511472435304249
502337,0.008185696771551615
502338,0.1533941114050836
502339,0.0009948552961809422
502340,0.5618230512249162
502341,0.9762429325722256
502342,0.9733431252298543
502343,0.044589622511295876
502344,0.07037693703538528
502345,0.017439724365597827
502346,0.020842347409985723
502347,0.03234978524062099
502348,0.24971742277324416
502349,0.017656970477729014
502350,0.001976624662240002
502351,0.948151185716066
502352,0.01731303527504597
502353,0.2653542182264893
502354,0.002010357321043957
502355,0.00682586606763784
502356,0.9895690057871863
502357,0.0002572284534377323
502358,0.0009265637525083875
502359,0.33424036117164696
502360,0.005046551383004243
502361,0.01411468998090345
502362,0.013848552939830857
502363,0.0022076552952668637
502364,0.007456506513913475
502365,0.011605404479260794
502366,0.37164342118691407
502367,0.019040874768841982
502368,0.01626578279806103
502369,0.0800476450280193
502370,0.019887156596159663
502371,0.18410859981559063
502372,0.04680513751319161
502373,0.014520410970628828
502374,0.0004865826990676266
502375,0.2566074783107536
502376,0.13547837210323782
502377,0.0712497623233593
502378,0.11002150445574374
502379,0.0018384556503892114
502380,0.06391361684482932
502381,0.34095510732382384
502382,0.0473776551216396
502383,0.02502912145779188
502384,0.9302021402618523
502385,0.010142817165441959
502386,0.018091271612110812
502387,0.005883571002257675
502388,0.008383191834174342
502389,0.014554503226319883
502390,0.1515488514216425
502391,0.004780410956529032
502392,0.5777189526493103
502393,0.10310335223229306
502394,0.14368517027318675
502395,0.010606922603488795
502396,0.22099316248426015
502397,0.46692762406612537
502398,0.39196128755775206
502399,0.41169346616292996
502400,0.15320226135517387
502401,0.011541463178558422
502402,0.01429863691280374
502403,0.04102567630355272
502404,0.0023144869910192447
502405,0.3244894670707259
502406,0.03145182470377979
502407,0.0019187898930612508
502408,0.10882785575458663
502409,0.012037390293702786
502410,0.06626334382691289
502411,0.001272975895907573
502412,0.07411713146677566
502413,0.004938513561563054
502414,0.005672467794932908
502415,0.09393518398810509
502416,0.20226811893436153
502417,0.00963191594930525
502418,0.10410306121886602
502419,0.48146097703189267
502420,0.038410949075678956
502421,0.3869784028782384
502422,0.0018353824932977134
502423,0.12882061266930797
502424,0.06394318282788602
502425,0.004496460294161635
502426,0.0005512426309244566
502427,0.0468269798367673
502428,0.0014130507332977054
502429,0.004020745610600106
502430,0.12518181925309307
502431,0.07529868073528063
502432,0.00479155511004501
502433,0.02806552762881601
502434,0.016218404309053764
502435,0.05453287169683385
502436,0.1719699801375953
502437,0.36686545067880183
502438,0.0995557745715982
502439,0.11965185484902673
502440,0.066084780638327
502441,0.11515579974273535
502442,0.04694101028552409
502443,0.002143948796971713
502444,0.1984782307566728
502445,0.038650786180898115
502446,0.7101207806008912
502447,0.0012981603454244352
502448,0.03969824684103071
502449,0.25349114238340814
502450,0.009312421421908242
502451,0.16034083347777403
502452,0.011840603769718626
502453,0.005696167320069694
502454,0.6565675379847178
502455,0.0013502427786442565
502456,0.5511807272903704
502457,0.10378587110812323
502458,0.2129199936405187
502459,0.050168261295669626
502460,0.07302836945293006
502461,0.006797216323445725
502462,0.2981111946080911
502463,0.26353781889205297
502464,0.39999992408433555
502465,0.3037236774394115
502466,0.008692522668544596
502467,0.06062683500055241
502468,0.0629913886770716
502469,0.8730407695137913
502470,0.005521419065642485
502471,0.03311880343810079
502472,0.0022520112033428217
502473,0.21368445068843336
502474,0.08467631798499076
502475,0.7981712947106474
502476,0.049502533863174554
502477,0.0005705439142734287
502478,0.11600700801094999
502479,0.03528120693261017
502480,0.0006306329820138338
502481,0.0052299163803579424
502482,0.021521028425274823
502483,0.2228382376870884
502484,0.1285324837496717
502485,0.02512813268337932
502486,0.013560412477420482
502487,0.6116446234502976
502488,0.01488854199390709
502489,0.14332415142439253
502490,0.7439175539282991
502491,0.0009170863918825631
502492,0.13030518304572758
502493,0.008394718326143925
502494,0.1878283641117566
502495,0.07041060690446678
502496,0.040737818520639395
502497,0.04900724747010633
502498,0.29863047285102107
502499,0.933743012874201
502500,0.05596130304046976
502501,0.0002483550797201498
502502,0.255332071940715
502503,0.8585070623588164
502504,0.048085882765922947
502505,0.01841630079654031
502506,0.002344201716403426
502507,0.004335120936703498
502508,0.021406427580548344
502509,0.16647370317884694
502510,0.011842029205473172
502511,0.00450692802233736
502512,0.019349992814244148
502513,0.010253319484060146
502514,0.04756553327988648
502515,0.05299378501047168
502516,0.0004697119310632908
502517,0.264016744810404
502518,0.7440155006704295
502519,0.272636510317726
502520,0.017297401049929415
502521,0.2877916040887286
502522,0.4306753127129201
502523,0.013420822921079538
502524,0.021433621912134798
502525,0.008384002440142051
502526,0.8684716608074048
502527,0.030258085819957044
502528,0.059810572462601505
502529,0.000959994903057314
502530,0.49736929386421946
502531,0.13950365179191418
502532,0.40918860640981114
502533,0.16077016994016138
502534,0.018210434433769854
502535,0.25837137843056196
502536,0.33268109263180123
502537,0.06611036248838731
502538,0.013580122092731595
502539,0.07432602889857208
502540,0.07598266418137581
502541,0.00999564445017031
502542,0.05475463082339806
502543,0.14350720509712614
502544,0.14375692730091552
502545,0.0038008594193511117
502546,0.004499596140309134
502547,0.07765786036049954
502548,0.41304229331555453
502549,0.01318784472579634
502550,0.6950222532031914
502551,0.011723806651001046
502552,0.015647166376106313
502553,0.09687054333246309
502554,0.001194250152887003
502555,0.6521374432645862
502556,0.7993195879919545
502557,0.05135531877409085
502558,0.5252202879612478
502559,0.04631621095763041
502560,0.11052542483057297
502561,0.2373578548648585
502562,0.024781269615068578
502563,0.013257178502909538
502564,0.19995416980600578
502565,0.006386086382212197
502566,0.01561092154151301
502567,0.15796843991219092
502568,0.0926497094821639
502569,0.015382427341759009
502570,0.0011562963707316546
502571,0.4035555239292428
502572,0.005800902869266372
502573,0.0002746839214097132
502574,0.0327182431589878
502575,0.9011147099661498
502576,0.004319651623185151
502577,0.0007152934446472265
502578,0.004667273774974231
502579,0.00029364524490642027
502580,0.016341845012634387
502581,0.050476637310202986
502582,0.9082746073862502
502583,0.01162169072485126
502584,0.11393827416154509
502585,0.001063359441851951
502586,0.23613745470543276
502587,0.0016162094761518293
502588,0.0229077038786934
502589,0.011566886609819254
502590,0.03343609038104076
502591,0.20523156476854654
502592,0.0026568687169548377
502593,0.14115563705520578
502594,0.02535618046927465
502595,0.0012513320594171777
502596,0.0011234658872252665
502597,0.6385744998146586
502598,0.013663532702451273
502599,0.09337427818251286
502600,0.012455746550880224
502601,0.3629802998755454
502602,0.4153455327725835
502603,0.17327022940179157
502604,0.009074943468089266
502605,0.022103795513987775
502606,0.031304152271216294
502607,0.01245067328536412
502608,0.06106364171412349
502609,0.053555801400065786
502610,0.00921052847187653
502611,0.0007199231648455406
502612,0.41398717809323576
502613,0.029945879617283455
502614,0.4308356989329694
502615,0.8208221008901528
502616,0.0099432850839951
502617,0.009411404436338908
502618,0.04941083294517281
502619,0.056731173441049616
502620,0.03321851884183776
502621,0.003841631076135989
502622,0.003304617245058707
502623,0.052666836835710204
502624,0.994493131542456
502625,0.003224085313719295
502626,0.06008557616934567
502627,0.027002860640227208
502628,0.11086584980661122
502629,0.9987210166723198
502630,0.9304295610266381
502631,0.0009473496641333708
502632,0.14457518497438654
502633,0.8303872226940815
502634,0.0866839292849862
502635,0.1400254513647466
502636,0.020436806986442808
502637,0.0038047505053572118
502638,0.01711854698734789
502639,0.04080341384874722
502640,0.15244338291743378
502641,0.007718026729793834
502642,0.061217041925017236
502643,0.7063497700786012
502644,0.024722086555949374
502645,0.4050401406006085
502646,0.0007322804600814551
502647,0.02365849528073316
502648,0.025661857361248635
502649,0.007761923216632557
502650,0.6207939514450961
502651,0.007837613928504409
502652,0.01400588442827916
502653,0.020443101829386093
502654,0.011237784725780993
502655,0.0016817945470281354
502656,0.05444536073708275
502657,0.19781481075489804
502658,0.3218863907486733
502659,0.006928727290677202
502660,0.12236967196269459
502661,0.020864903516303414
502662,0.00635658959028841
502663,0.14226519240086488
502664,0.6088549332270607
502665,0.05643446759371641
502666,0.8687890371507234
502667,0.015006872321489994
502668,0.06978976366891823
502669,0.0019551104352809193
502670,0.792755076412044
502671,0.30132564548257035
502672,0.1550238008848805
502673,0.048705543109165396
502674,0.031142844401831078
502675,0.0013654536844419287
502676,0.7345812405884007
502677,0.4125470668842051
502678,0.011183017722572937
502679,0.3506192827279967
502680,0.7754890767411651
502681,0.010079517333997848
502682,0.9942171643920237
502683,0.03745683020233706
502684,0.7170207615599387
502685,0.0008508961907148514
502686,0.005480604045068484
502687,0.2644925478139651
502688,0.43997452457654285
502689,0.002503408699703223
502690,0.012776008813250268
502691,0.43851793226148955
502692,0.993256616238963
502693,0.062442046555564484
502694,0.009360426125319413
502695,0.2298580670195412
502696,0.8907516533605796
502697,0.0029312872173805453
502698,0.001402842966570821
502699,0.018119804757933795
502700,0.02211394067084397
502701,0.013781305314314493
502702,0.014219010347542494
502703,0.011687923354611498
502704,0.07790671437511601
502705,0.007027243237639259
502706,0.044447748839268206
502707,0.014991809155290881
502708,0.05858008010896071
502709,0.000538504192252583
502710,0.7185894656968035
502711,0.01198437008950003
502712,0.6978277055018186
502713,0.1388948456039219
502714,0.3310788951746374
502715,0.5985593551718498
502716,0.08039355966161371
502717,0.0003212519451020785
502718,0.009479300959959604
502719,0.0440190735388127
502720,0.024205383635321445
502721,0.32505518795345684
502722,0.0011376197044594897
502723,0.44910862434590204
502724,0.0018445034279940032
502725,0.8171331739779607
502726,0.024387718148998008
502727,0.013235921815471357
502728,0.13687343499322507
502729,0.0175262677037822
502730,0.15744924827436976
502731,0.05137668298056836
502732,0.002344109226622953
502733,0.9927154340021795
502734,0.8895396424487803
502735,0.04209765334819903
502736,0.5312606909559222
502737,0.0015153482186138437
502738,0.06167873501256943
502739,0.981015257338915
502740,0.4876923376213655
502741,0.0006323791249442134
502742,0.696130211931196
502743,0.004379847081395507
502744,0.1669402912337788
502745,0.019870715675580655
502746,0.09079210880334618
502747,0.7731252108744043
502748,0.011556790013881523
502749,0.0003456303010251556
502750,0.017795060399013712
502751,0.11828129165007842
502752,0.0004316145324142083
502753,0.0426242018711326
502754,0.4847848891379339
502755,0.030503718228905182
502756,0.02277291758912581
502757,0.002918063309472224
502758,0.16804126857533405
502759,0.2151226396584546
502760,0.008039174018160103
502761,0.03207033466306456
502762,0.09804987158114677
502763,0.3236240558664104
502764,0.17124871979493683
502765,0.47102436717435997
502766,0.003499643715904634
502767,0.0237441265258993
502768,0.00430192162612805
502769,0.3106714136081369
502770,0.02038120789056073
502771,0.9647738783859591
502772,0.49071439831209646
502773,0.12472345338001169
502774,0.3708091275583692
502775,0.044380120344803514
502776,0.6325068692292066
502777,0.5256988272072941
502778,0.00043903466217426186
502779,0.6071960521772147
502780,0.49381865801693803
502781,0.5896070686578149
502782,0.7057904603079899
502783,0.0028910393545458304
502784,0.9989045049848136
502785,0.09460630063710801
502786,0.3816756673635557
502787,0.007582363460367713
502788,0.0011591835141228526
502789,0.006814737187025243
502790,0.06448856868985874
502791,0.12515741795472565
502792,0.002931368728723814
502793,0.059943769805775794
502794,0.013733087800755613
502795,0.10140114795317512
502796,0.1364540706457412
502797,0.002225978530456735
502798,0.039682814314272064
502799,0.00592990377170782
502800,0.011109233680550317
502801,0.6390623115923302
502802,0.13204838216092946
502803,0.008208636620193473
502804,0.9131505030635029
502805,0.0009488802037088737
502806,0.3150348445846698
502807,0.057038208957697366
502808,0.03789582908935907
502809,0.4820320415879137
502810,0.010643210479631553
502811,0.008601820266787514
502812,0.16537893187849786
502813,0.9741729901061433
502814,0.1086494434973106
502815,0.8363697034887625
502816,0.3401840650741447
502817,0.0016691087306863336
502818,0.012092809660344775
502819,0.005077040934614132
502820,0.10236374399724779
502821,0.7283791009217387
502822,0.1885337784320351
502823,0.3731944694123875
502824,0.0018800267204829547
502825,0.02535016940166104
502826,0.0005604194256282916
502827,0.010949407388873277
502828,0.9451434969653287
502829,0.019506116005819533
502830,0.04918305260851223
502831,0.023040694152844002
502832,0.00951541414189256
502833,0.0024972987063362666
502834,0.0013849674679603846
502835,0.058126908651130196
502836,0.0060461899638133785
502837,0.004724169368497002
502838,0.00943931917617339
502839,0.07288438841833181
502840,0.3607468016307353
502841,0.012476267657694613
502842,0.0023294928974220345
502843,0.04378171668323135
502844,0.46999133321986447
502845,0.46994378431627537
502846,0.8386422229599585
502847,0.5514629270853822
502848,0.0027750838923335567
502849,0.033658379541433116
502850,0.06069980640744354
502851,0.6415817040507834
502852,0.02334882456813944
502853,0.00042381108075799
502854,0.3307330875536205
502855,0.002895848079206289
502856,0.015367231454364808
502857,0.0013043686858537186
502858,0.08710478370935947
502859,0.019060100402700345
502860,0.8577994924908737
502861,0.0024792044044408797
502862,0.0178174782010269
502863,0.9866832663720702
502864,0.020734872553504223
502865,0.025879100218133378
502866,0.0025880447820571693
502867,0.5946164044746861
502868,0.11049075598435905
502869,0.2929268684320637
502870,0.019196997650008304
502871,0.0001759454078569125
502872,0.21334061346523286
502873,0.14893025284010972
502874,0.010219120624100127
502875,0.07737991230869053
502876,0.140385210832084
502877,0.1216993445685929
502878,0.9389875480670012
502879,0.5557790804205138
502880,0.11889122837065327
502881,0.0038758690908988033
502882,0.1608457808160172
502883,0.017695172259747163
502884,0.474980861567162
502885,0.0005676155746998294
502886,0.020053325374536635
502887,0.011199681098771074
502888,0.001296654953947833
502889,0.2650257561311829
502890,0.8997023403740191
502891,0.061483949778371697
502892,0.2086344878890778
502893,0.0039031588426575656
502894,0.2857944160490778
502895,0.1686680913712404
502896,0.977550631961523
502897,0.8125455976404758
502898,0.023038923684785936
502899,0.05604311487629043
502900,0.42617436501650585
502901,0.002048186482945015
502902,0.0010138958820250855
502903,0.005340678266438894
502904,0.8003497965701201
502905,0.041493529997891875
502906,0.16003067099049964
502907,0.30664015765794944
502908,0.0017535615386581886
502909,0.0003638984098391633
502910,0.04941451824131376
502911,0.5794139785346845
502912,0.26589760951832414
502913,0.004665320947637445
502914,0.11069831734699709
502915,0.02907595722735121
502916,0.33715242486780694
502917,0.017311022521636205
502918,0.0041646175320122275
502919,0.8244952974175693
502920,0.08910562132103343
502921,0.01798489372362533
502922,0.00791473837712836
502923,0.002196912791759698
502924,0.038614233204358285
502925,0.06500760630958839
502926,0.8149408840419302
502927,0.022353766549217474
502928,0.0051091877297374955
502929,0.002059342017174666
502930,0.22491385811233153
502931,0.022996010104323828
502932,0.42839258246869416
502933,0.010645437286932817
502934,0.12282216479188142
502935,0.0019247402652908432
502936,0.023892346137894777
502937,0.013943390161478159
502938,0.010548533455461721
502939,0.105794673202899
502940,0.0028720335123802745
502941,0.0028546812249441475
502942,0.034715712084094165
502943,0.020345813396386577
502944,0.002902228120165614
502945,0.0037485583586831565
502946,0.041936416863577165
502947,0.9892153986311024
502948,0.14442274528822394
502949,0.20083670018244706
502950,0.011369397077052212
502951,0.25583750594404686
502952,0.04339744139964071
502953,0.00831047324222505
502954,0.36710220899241636
502955,0.06784129876367564
502956,0.011929453288985972
502957,0.029445192429040954
502958,0.0035202639435284663
502959,0.09401013194016773
502960,0.0012036269613821002
502961,0.36763329623302865
502962,0.026173932378876674
502963,0.015776137001164692
502964,0.008159947315781374
502965,0.02060720468214788
502966,0.002351548692819854
502967,0.002558083534149978
502968,0.051605129358814276
502969,0.21725375910817124
502970,0.463327336865595
502971,0.0005763976756744227
502972,0.34270743205882254
502973,0.04691746134771699
502974,0.0015774613171632872
502975,0.7475486478635511
502976,0.030272688316063556
502977,0.058911811836096145
502978,0.05125588735191475
502979,0.024680405021767503
502980,0.41273263856865233
502981,0.20930655789077907
502982,0.016409527337005868
502983,0.028609300875133113
502984,0.2941288551261217
502985,0.0019844669319845696
502986,0.2811335371400427
502987,0.026415655495381718
502988,0.01951350676486233
502989,0.0019853849061504674
502990,0.4896222686770905
502991,0.12039473906496562
502992,0.031819189353830345
502993,0.0761301128119843
502994,0.0019765431228280796
502995,0.16571730909568666
502996,0.6877710853593881
502997,0.0713313872963254
502998,0.398378359822666
502999,0.001489768492726602
503000,0.012853598173408315
503001,0.0011899931310472055
503002,0.009830574260644957
503003,0.19831680921880832
503004,0.03399474894444211
503005,0.005626208611224685
503006,0.1225009218069717
503007,0.4719415907065368
503008,0.0019767232523003786
503009,0.0006158560845324396
503010,0.8438834303504181
503011,0.08140117044764725
503012,0.0488910219981353
503013,0.3185954046145797
503014,0.039241778389368945
503015,0.4767633444075465
503016,0.018061656491787908
503017,0.7766760788673848
503018,0.5004529383013383
503019,0.08434478743331962
503020,0.136334933102797
503021,0.7191609652570672
503022,0.24922334574894908
503023,0.04525241742807986
503024,0.0017186670078929097
503025,0.10355865945625117
503026,0.00470539111517488
503027,0.00011001828221667789
503028,0.9298365011657258
503029,0.1817124985979404
503030,0.0036769829443702505
503031,0.02375350449725032
503032,0.04094994980761784
503033,0.44914376182586435
503034,0.6419447533869427
503035,0.9046052738849529
503036,0.603815229811418
503037,0.07888755780009969
503038,0.01947921487552892
503039,0.8605574063576171
503040,0.9827847377855946
503041,0.040683977851603235
503042,0.3216690539634434
503043,0.015748878609215432
503044,0.03540791495847945
503045,0.09405130589853147
503046,0.0075798155097696615
503047,0.030727997373113047
503048,0.017002116872178643
503049,0.5469402093517994
503050,0.00532169712096277
503051,0.03279669745336712
503052,0.013884276028307599
503053,0.11798966356496066
503054,0.2824027341827547
503055,0.726548841327074
503056,0.13509577658070407
503057,0.07680685483093055
503058,0.12449735882912728
503059,0.922370868469055
503060,0.001993954168011491
503061,0.01629294860125273
503062,0.07612613785837542
503063,0.0011525501415892898
503064,0.6546062743475114
503065,0.10355068984206628
503066,0.995568060656872
503067,0.023809694695696902
503068,0.08108428514633208
503069,0.11383828055509379
503070,0.021546214010967783
503071,0.31168383113862796
503072,0.01907991245748692
503073,0.40464416528885055
503074,0.0007993314428598292
503075,0.06176990386921503
503076,0.9212757398680224
503077,0.014236437421882835
503078,0.32798690267914005
503079,0.03526647095760547
503080,0.023576273879853997
503081,0.24626314836145696
503082,0.0374514344959858
503083,0.15986043876934394
503084,0.06775376097182521
503085,0.9345106020933093
503086,0.15024894032539007
503087,0.8887085353261707
503088,0.10403282327583695
503089,0.0007504942204781356
503090,0.16063842524792205
503091,0.015013749330990346
503092,0.020721716060745465
503093,0.006082600130842555
503094,0.07554198185535585
503095,0.519400847728936
503096,0.06637995540573662
503097,0.021321139018892335
503098,0.04001938703354892
503099,0.0034950465921327477
503100,0.06709356253720039
503101,0.05360415927916715
503102,0.011258429010325255
503103,0.006623363333436314
503104,0.00025460891723881455
503105,0.0030008399514770234
503106,0.08391561445114826
503107,0.08884311404376906
503108,0.019296489559886408
503109,0.029646580500127837
503110,0.13111031256733116
503111,0.014851336805440808
503112,0.1916467698563479
503113,0.0005468125703119547
503114,0.029778096237417992
503115,0.0032224772009945284
503116,0.0006127819756127506
503117,0.017613875431129498
503118,0.02332459185044102
503119,0.09683590331286498
503120,0.2538335067175669
503121,0.1309592130325327
503122,0.7948671326976544
503123,0.4193332514259963
503124,0.002328827174388807
503125,0.4472137360688217
503126,0.002602534500954298
503127,0.0006895596979325804
503128,0.12754216083556275
503129,0.003270724614774324
503130,0.015758824342645843
503131,0.16478027546622456
503132,0.11962999001178959
503133,0.10736965300226263
503134,0.8355528989792246
503135,0.019510521703646953
503136,0.0017065120692258049
503137,0.02739968431207534
503138,0.004519792270362293
503139,0.10769956665202421
503140,0.07580380342087385
503141,0.29507351491628353
503142,0.7277176033140043
503143,0.20446749743586143
503144,0.9092059208961919
503145,0.7130462893331676
503146,0.15441074872771893
503147,0.6193220691014232
503148,0.031072053806576322
503149,0.017737180078580255
503150,0.001628944699211118
503151,0.009286355407446661
503152,0.29285114200277335
503153,0.0017284472701288793
503154,0.31704382249684454
503155,0.12774711359034416
503156,0.010600466510835325
503157,0.002492207364775959
503158,0.07472815384997351
503159,0.01752013941017124
503160,0.02254053442221041
503161,0.0011124341296844108
503162,0.041914162907870776
503163,0.5052524082607601
503164,0.0003269070206749371
503165,0.012511747742562172
503166,0.47222980915126095
503167,0.12786281974888486
503168,0.8235660609073053
503169,0.8905172837293265
503170,0.12852381245665803
503171,0.7172331713465836
503172,0.31619620962036277
503173,0.06249865867968116
503174,0.30801197295028904
503175,0.021726802395462753
503176,0.307859352827984
503177,0.6600876813716064
503178,0.6776438737712047
503179,0.8212503290757577
503180,0.0014556729984793477
503181,0.002537581475446306
503182,0.0292641065175108
503183,0.0008389711538758537
503184,0.08541363279500258
503185,0.16288487673314758
503186,0.7671076531069622
503187,0.024860104556263113
503188,0.02955478020954014
503189,0.13615546382372307
503190,0.011458592572543955
503191,0.15249626254957618
503192,0.012688431874750335
503193,0.004199344149324262
503194,0.009364004661729017
503195,0.023169477525224868
503196,0.04889708438941102
503197,0.013960663959483852
503198,0.0015068360673817028
503199,0.034446587779382525
503200,0.0010882561935412895
503201,0.00659347106422494
503202,0.051840624780563824
503203,0.3858993821455027
503204,0.0747552430281892
503205,0.061910676644491174
503206,0.01312761582586042
503207,0.008474187747326828
503208,0.01720666559952387
503209,0.010229968133431692
503210,0.02371891836248838
503211,0.5654861905499
503212,0.05319993310466289
503213,0.38122938538540957
503214,0.05111736080552182
503215,0.0033704955838097816
503216,0.34086845565029794
503217,0.4538005177239609
503218,0.01438407640029393
503219,0.9557357767699348
503220,0.05030101469457281
503221,0.584106161540605
503222,0.07323455919469944
503223,0.004664976477042631
503224,0.0008115576655584508
503225,0.036485695221315735
503226,0.9843093099508914
503227,0.20964044208618124
503228,0.3498305549314576
503229,0.05695806987668363
503230,0.001631189441274189
503231,0.034837115419195916
503232,0.4319311703811572
503233,0.0016626442889803924
503234,0.23275989656148482
503235,0.9602144024408342
503236,0.20558899561446117
503237,0.5453162161308743
503238,0.1264692704943077
503239,0.07643828853024803
503240,0.6989388561663716
503241,0.0530911666399104
503242,0.11344545531886495
503243,0.06908696391871337
503244,0.032175259616954555
503245,0.02245849394714934
503246,0.0002589109833496822
503247,0.02468212055396625
503248,0.06446529542307905
503249,0.013327280003978627
503250,0.042805380427434384
503251,0.04396607473802037
503252,0.09261920763707544
503253,0.11659014794677373
503254,0.005438575926371387
503255,0.034743842773868605
503256,0.5954508554347338
503257,0.47815374710130754
503258,0.12688275588680825
503259,0.17251824719392952
503260,0.012568563630062434
503261,0.11881165174922045
503262,0.05899944306447719
503263,0.010033957609819105
503264,0.003378622506463936
503265,0.016309110763545454
503266,0.0018752675172607975
503267,0.9525367083063465
503268,0.018451603121853677
503269,0.21648195191588976
503270,0.01805768918310494
503271,0.011108877634667062
503272,0.3856353575624566
503273,0.9239603569296378
503274,0.013150537673366972
503275,0.03463148317362528
503276,0.10761149249972042
503277,0.28633171344050873
503278,0.2560945117464032
503279,0.010651672729759218
503280,0.20883364135085963
503281,0.7623937235170222
503282,0.3116809945661796
503283,0.4309335900040814
503284,0.04498675965783645
503285,0.035176728483241416
503286,0.6665827675062013
503287,0.906946602659211
503288,0.07221720134075227
503289,0.0013934474598678724
503290,0.07476619310099833
503291,0.2436211572759219
503292,0.04812592747721202
503293,0.02773606621637808
503294,0.006175987860546278
503295,0.018319419369326947
503296,0.00494328293146347
503297,0.004896793995140767
503298,0.03170108320120597
503299,0.0651467560656963
503300,0.18244609211163326
503301,0.2221552751376345
503302,0.0036831083781833775
503303,0.0003885898172212562
503304,0.05262363479459515
503305,0.0025165853128466696
503306,0.012198735543613793
503307,0.005199458401624838
503308,0.36871567672416
503309,0.14789552969015543
503310,0.09230217750548748
503311,0.025035538518748363
503312,0.12518724203076015
503313,0.9858876312965877
503314,0.042054839925058235
503315,0.01145908559620514
503316,0.02997633966668621
503317,0.008472016169018977
503318,0.005364225101411756
503319,0.032685512682377675
503320,0.006827753550638832
503321,0.16310705186326338
503322,0.12876300972578
503323,0.020867355888313822
503324,0.0960877430339868
503325,0.16990201508500438
503326,0.03678288104175738
503327,0.004202218494241797
503328,0.03220416808370926
503329,0.0050361950346158564
503330,0.5961198510505971
503331,0.11038435725277271
503332,0.0004989076877746672
503333,0.017382602921448376
503334,0.0012894618384443296
503335,0.47141716226170194
503336,0.1729028328066237
503337,0.18842005071221693
503338,0.04193537453582564
503339,0.8117345692767161
503340,0.0009578787090743719
503341,0.026071449855338057
503342,0.5822090264606861
503343,0.7924789687799888
503344,0.8804116574713413
503345,0.8609743861611665
503346,0.034885371445910224
503347,0.9782360969001119
503348,0.0019731251049760674
503349,0.008933656657399574
503350,0.1544956069000542
503351,0.02217816601672297
503352,0.7179530897886525
503353,0.08544512120592529
503354,0.01544397443753616
503355,0.14655075521673253
503356,0.2802157289841762
503357,0.13833686570563006
503358,0.053596091264994844
503359,0.01632348236665527
503360,0.030605367386214232
503361,0.05713081861289512
503362,0.267235514485985
503363,0.0873177408996935
503364,0.05596649701018767
503365,0.08414372137214376
503366,0.0047222285278209295
503367,0.0003924404462392048
503368,0.24789803921755607
503369,0.0016731864233054056
503370,0.42260873411436556
503371,0.08959343545382635
503372,0.6110677627903295
503373,0.09174394925657102
503374,0.18545638695471986
503375,0.022113264396291375
503376,0.007833487142701965
503377,0.012536198990124476
503378,0.003488800067836999
503379,0.00957891120616325
503380,0.055089469958278514
503381,0.2226491444219971
503382,0.006744497382698342
503383,0.004520663507298215
503384,0.0090827553764121
503385,0.013628563921109277
503386,0.6180484737023417
503387,0.07697077756073072
503388,0.001970983321533109
503389,0.04286552214599205
503390,0.01738075563262604
503391,0.7699629790222499
503392,0.292816288980423
503393,0.0025969492723792722
503394,0.02854892180774569
503395,0.11117685481995127
503396,0.06894063939854483
503397,0.7305790628498122
503398,0.02189602537691873
503399,0.08449818887088462
503400,0.03562926243070585
503401,0.030349971605493065
503402,0.908642908362119
503403,0.23659012482213312
503404,0.014208355441484041
503405,0.006298906969339841
503406,0.9983953540380599
503407,0.04344627525830276
503408,0.0019702220846196396
503409,0.2401678770944713
503410,0.004029418837420872
503411,0.006278822969241744
503412,0.046287431795180835
503413,0.02279507318960348
503414,0.02507990129101521
503415,0.4512086067830685
503416,0.08236779108813608
503417,0.4590278980267618
503418,0.1632125964562443
503419,0.05995100524486669
503420,0.5910318587158948
503421,0.08940900257833005
503422,0.00047240107422873476
503423,0.03496898622725988
503424,0.0011518881006783045
503425,0.008940550207561229
503426,0.07742353199809292
503427,0.01681745157772654
503428,0.042704164450217116
503429,0.002184783772649892
503430,0.03331148667664808
503431,0.014564913298678463
503432,0.42157643274222045
503433,0.002409030347995533
503434,0.361098175644393
503435,0.032778955852761554
503436,0.22054631178409306
503437,0.6227305711864253
503438,0.0028534683575621523
503439,0.0009741475478342144
503440,0.007731541850504556
503441,0.11535199425321509
503442,0.03492983063315829
503443,0.6467092784254289
503444,0.0855240621722463
503445,0.03196620136380501
503446,0.06927614194474073
503447,0.2748232878585717
503448,0.0006543390598328468
503449,0.0036971258568216933
503450,0.06907721740843174
503451,0.4707967968695478
503452,0.2945667438810036
503453,0.024405044688030127
503454,0.05006902437942499
503455,0.014426637054091208
503456,0.5899694275667452
503457,0.10484618564208945
503458,0.044751835972349906
503459,0.002110040436585826
503460,0.36140643458609306
503461,0.005590771350835977
503462,0.0005755471305743894
503463,0.008123078081067601
503464,0.00391217798456318
503465,0.1929126745459539
503466,0.9411793004614063
503467,0.03646182429720855
503468,0.3662402358819379
503469,0.7385555050108119
503470,0.02590179949020705
503471,0.0007834984411197201
503472,0.9442688850553442
503473,0.00017749881383250285
503474,0.08711418235295777
503475,0.001592849617236383
503476,0.6576097725403811
503477,0.018854974590351202
503478,0.7380984471136373
503479,0.02828979204373954
503480,0.17249721947938093
503481,0.6372792941157023
503482,0.2558241341236842
503483,0.039385640985235955
503484,0.15134582929288704
503485,0.0013024579816126181
503486,0.04477538664281086
503487,0.02834149378397841
503488,0.015367552799139223
503489,0.48149617538466183
503490,0.21605710830719607
503491,0.01911700136761223
503492,0.019012130179957207
503493,0.009231271243604296
503494,0.6294434830827624
503495,0.013496095300344988
503496,0.1589751464253098
503497,0.0006773563638728763
503498,0.8297446403049759
503499,0.34850098960697534
503500,0.015864121967652297
503501,0.1647389026899041
503502,0.1834328766201895
503503,0.0008123431404653116
503504,0.3304329821182097
503505,0.05679711497990768
503506,0.043560405886057044
503507,0.020193696208827282
503508,0.10339220206367707
503509,0.3869996128582511
503510,0.33146594117819345
503511,0.04991057728798762
503512,0.03348224689923441
503513,0.14577825111106668
503514,0.003981707255681731
503515,0.0030651321568856034
503516,0.0015272397718287345
503517,0.9282184531152127
503518,0.08707363208209833
503519,0.0379731689217328
503520,0.003877209705350146
503521,0.0882712581438059
503522,0.23385337652771448
503523,0.04982608161035889
503524,0.0139347902065038
503525,0.058857045518972924
503526,0.9961850885105532
503527,0.11207376246823632
503528,0.05466651673733276
503529,0.6650633835797459
503530,0.07405697777210099
503531,0.7154951763318375
503532,0.04513672429871444
503533,0.0299766323010174
503534,0.15737768460675386
503535,0.3913189144247615
503536,0.0185810444001365
503537,0.707830941674708
503538,0.02823451891267312
503539,0.035200825897861804
503540,0.09032393539456889
503541,0.032509440499822836
503542,0.020992423655103825
503543,0.7324429755487937
503544,0.2949797424302539
503545,0.6167759629782421
503546,0.38690543662128474
503547,0.011162509618687626
503548,0.007912510209356058
503549,0.013685390502927788
503550,0.16553647203397648
503551,0.2174946450447612
503552,0.9299233382248047
503553,0.014083025160200997
503554,0.01619352260777408
503555,0.4378072860970653
503556,0.037830387461399474
503557,0.05981298362131569
503558,0.12354035926573514
503559,0.8159955501256466
503560,0.4946640701339525
503561,0.0011926357157768155
503562,0.0015403179468367286
503563,0.08681225491220611
503564,0.0015516484862354216
503565,0.20036696351089317
503566,0.042793114063062174
503567,0.0007033464715342907
503568,0.13892029268307074
503569,0.9984422836233635
503570,0.048485184062578145
503571,0.22536888767290258
503572,0.0102790039331156
503573,0.014807720531590164
503574,0.3352459779350849
503575,0.14226835304833277
503576,0.023598527673216425
503577,0.3900290883179311
503578,0.003389101263453216
503579,0.007503697822667129
503580,0.3070857989616142
503581,0.8345727737239792
503582,0.5435843865630486
503583,0.7937170154925134
503584,0.03381878375629414
503585,0.016981764828398017
503586,0.0036496503706620127
503587,0.07766402380680622
503588,0.008216166392815093
503589,0.0720091809603107
503590,0.001192656013201671
503591,0.2695805421965266
503592,0.012038455766485845
503593,0.02724481224691303
503594,0.19490704330801828
503595,0.006567772973614297
503596,0.9383939059497595
503597,0.018246349179068973
503598,0.7798747263393749
503599,0.057349778766057825
503600,0.015522710787623304
503601,0.0039032569595705427
503602,0.16882714423883893
503603,0.047260444946516836
503604,0.010546924706929126
503605,0.0034681234327249423
503606,0.16795299086447815
503607,0.013142395528728002
503608,0.05641974516115064
503609,0.7657648180070631
503610,0.05955801374852727
503611,0.002147716939686182
503612,0.019389984062330307
503613,0.05867847932206528
503614,0.9643648742903066
503615,0.22794661312183825
503616,0.07786931723060124
503617,0.04789713262172874
503618,0.03112254890064484
503619,0.46790646231165034
503620,0.07010519660252634
503621,0.14978070826988563
503622,0.010902916624577059
503623,0.0010887205584741231
503624,0.0017350018804491428
503625,0.42197283737909097
503626,0.0013729258706229011
503627,0.0011470544182150303
503628,0.1060379151204355
503629,0.0805442691676301
503630,0.02087137074756541
503631,0.007351973507927492
503632,0.06413700629859394
503633,0.470286382428648
503634,0.20271749966304092
503635,0.03753529101186444
503636,0.18410726677565198
503637,0.012031703615661457
503638,0.02423441552289958
503639,0.168594584597618
503640,0.0005982170977789531
503641,0.006235922900556762
503642,0.18552834187217576
503643,0.0022294774753142937
503644,0.15962757806490518
503645,0.8874870171120717
503646,0.024711358428247066
503647,0.002657525783124952
503648,0.2809358155865928
503649,0.12630858183157487
503650,0.020459633647036787
503651,0.10583569480468558
503652,0.00042436710358262824
503653,0.006978574421122403
503654,0.3947193548301878
503655,0.8105572585050349
503656,0.6616150760833114
503657,0.0004777937980553151
503658,0.4753019603211469
503659,0.10144720202612938
503660,0.04137862000932944
503661,0.03143047673143987
503662,0.003282735662971684
503663,0.009891021546328054
503664,0.001671532337757484
503665,0.001613080064735324
503666,0.006005638611187102
503667,0.2253735449217165
503668,0.169490399677991
503669,0.07112300431763753
503670,0.7054606274632095
503671,0.011923270801107326
503672,0.03391129451784874
503673,0.018695736344611164
503674,0.03021569605332767
503675,0.9828242444195352
503676,0.057306238305532345
503677,0.010169144484175876
503678,0.03525450103967472
503679,0.07226850578580987
503680,0.8639446037888737
503681,0.8570807339759697
503682,0.0007969204326735614
503683,0.7210034103997007
503684,0.0023567991521687335
503685,0.36531040654199826
503686,0.16305683412697905
503687,0.0947483271038885
503688,0.6944784697568139
503689,0.011485613051407443
503690,0.08215713721436717
503691,0.017784490407584837
503692,0.013895730856754513
503693,0.02516562316686869
503694,0.050785902675194596
503695,0.004047943149455594
503696,0.01177423824301039
503697,0.007265662610752465
503698,0.020137058000251205
503699,0.011711127476431073
503700,0.4052165045366635
503701,0.0179667074557763
503702,0.04955025080004051
503703,0.34667571204873926
503704,0.0212347855224021
503705,0.900785589145125
503706,0.006924231503999499
503707,0.2945248354903345
503708,0.08733419216417437
503709,0.0029871536830495538
503710,0.7255630954926106
503711,0.24227746340480677
503712,0.0015444658360521941
503713,0.17828201847184413
503714,0.09380993850925423
503715,0.0018060792087623522
503716,0.02167543737448728
503717,0.019870977605269614
503718,0.011497727957962625
503719,0.07667835814309824
503720,0.007189553536108976
503721,0.01869748789024935
503722,0.44658255479937825
503723,0.007661748756167613
503724,0.0013012797485492979
503725,0.690307507841511
503726,0.03479162473836158
503727,0.020089729604664378
503728,0.07175636397858497
503729,0.0010626574855988411
503730,0.06655227701488445
503731,0.036510056805762296
503732,0.03809726758686454
503733,0.04345967074042551
503734,0.29186878766594737
503735,0.013011634433335733
503736,0.01049595991020182
503737,0.00988246861268335
503738,0.0026729569236328228
503739,0.05830627919209438
503740,0.059909587608776016
503741,0.006812627661285752
503742,0.012284189285290884
503743,0.06283808664236902
503744,0.0004905922997592337
503745,0.9616623814954562
503746,0.9585089564295364
503747,0.3832155187573245
503748,0.0006170868710603386
503749,0.8433454293989243
503750,0.11217791164768602
503751,0.749871895587054
503752,0.7522263724114197
503753,0.32909475692666507
503754,0.20247127452821195
503755,0.9404393046842058
503756,0.11140866397890241
503757,0.04676019915617616
503758,0.015192061542276026
503759,0.002325729337445425
503760,0.2837089642967149
503761,0.14435798369776795
503762,0.0022652685464645455
503763,0.0500919383029556
503764,0.4317980748252114
503765,0.07848099659177565
503766,0.04588832832083326
503767,0.540443118526745
503768,0.07312839610607987
503769,0.005376701925128923
503770,0.8872503937232772
503771,0.553549538829455
503772,0.1057484193359246
503773,0.9402843965205607
503774,0.052095585491115516
503775,0.19994957760311005
503776,0.005265655806850369
503777,0.020137307332937195
503778,0.0008830186233364948
503779,0.032352812841704916
503780,0.7783044471652851
503781,0.010564655860628115
503782,0.009627670994862903
503783,0.02275972153241863
503784,0.1500597865501852
503785,0.9974272774816436
503786,0.00152342153076332
503787,0.01632073395752424
503788,0.04158584097353641
503789,0.8563232737097133
503790,0.022937985396441183
503791,0.24737670880505358
503792,0.0034854893822070816
503793,0.05837930954841886
503794,0.5787111269486197
503795,0.0709293432361025
503796,0.5749497913259898
503797,0.02379897557883339
503798,0.3327783554281782
503799,0.057028341291810176
503800,0.05022981725969662
503801,0.003026348911001933
503802,0.2249907742323222
503803,0.3574132111938154
503804,0.04148584483430069
503805,0.024821516592043843
503806,0.72072149266203
503807,0.2491484671028735
503808,0.5282541942146916
503809,0.1773324280549651
503810,0.7593059916307129
503811,0.017003518147222615
503812,0.8236656483253851
503813,0.4000135587274278
503814,0.03191011063589708
503815,0.11406728662554204
503816,0.19307827955638868
503817,0.030529847108087486
503818,0.0012952157934598848
503819,0.0036222345585271358
503820,0.050995940379313306
503821,0.004273865920888526
503822,0.03597204281208874
503823,0.01740363355077054
503824,0.0913442494075586
503825,0.10176044880820802
503826,0.08083263503417867
503827,0.010105139116517992
503828,0.016424242415587646
503829,0.03139345849827113
503830,0.8623873767719944
503831,0.03366873902699461
503832,0.18943885322014034
503833,0.0938624257215205
503834,0.0004189227193290389
503835,0.07702696838825782
503836,0.0023108766194702094
503837,0.007467794594369795
503838,0.4094243791980814
503839,0.0085892900704863
503840,0.06283896738161196
503841,0.011426764278121256
503842,0.16501039935683498
503843,0.7752707638998714
503844,0.19518373456439422
503845,0.28857761370663615
503846,0.009503795024820794
503847,0.0019253026324980134
503848,0.002413771726612372
503849,0.33478567553702165
503850,0.34216406882393946
503851,0.15091697457700026
503852,0.06628921572078249
503853,0.20483483589215598
503854,0.017356605950251576
503855,0.30396240293059684
503856,0.0036988913946526232
503857,0.17837336846689106
503858,0.06543484178811892
503859,0.5035779839576727
503860,0.005335067811585333
503861,0.3358862309470282
503862,0.041372504358169325
503863,0.5135003634282373
503864,0.2507872863113409
503865,0.001612571360478932
503866,0.15535319753034174
503867,0.008234686218753284
503868,0.000214521038196753
503869,0.11945681889263886
503870,0.06095495982129414
503871,0.05390453126011976
503872,0.31933570881479056
503873,0.287737749551888
503874,0.04572447022295693
503875,0.07617360472987378
503876,0.08064995653757868
503877,0.19340044681308272
503878,0.10907008312073327
503879,0.030741449961222786
503880,0.09949429577115235
503881,0.1297393537263625
503882,0.022596546730862546
503883,0.005906045753710702
503884,0.0013576658280523483
503885,0.0006590060681921196
503886,0.017193728901513827
503887,0.013267303065388413
503888,0.0018206336121240631
503889,0.002569790801574277
503890,0.0026233207442067892
503891,0.1676729659149719
503892,0.02717462575442731
503893,0.016624444654353365
503894,0.9062818638919349
503895,0.04734582991953158
503896,0.001890045307178346
503897,0.035224537132854734
503898,0.23892041809465211
503899,0.026095523504944432
503900,0.029809661306086654
503901,0.10747450559832482
503902,0.0271478189536137
503903,0.7663796219701277
503904,0.43832485117667086
503905,0.012885584958471323
503906,0.011802171563921559
503907,0.545860496591189
503908,0.0020583082116263167
503909,0.004646266272580192
503910,0.009711486265171489
503911,0.0001243884761657863
503912,0.4736038542975208
503913,0.00043851959746107015
503914,0.7692250921292978
503915,0.0058811244687582455
503916,0.002041134349970673
503917,0.00036257350674437664
503918,0.3085635100923588
503919,0.1532359976037546
503920,0.015437611190714686
503921,0.002627992348475629
503922,0.001249060624384223
503923,0.16438285828349344
503924,0.1606102394764706
503925,0.024015483945756973
503926,0.007800194671928282
503927,0.4376572166530623
503928,0.0054504905688790885
503929,0.13606401996862033
503930,0.005761771575850413
503931,0.06466883125752708
503932,0.1834911417280632
503933,0.12005562524094378
503934,0.015087197615675564
503935,0.9795220805286329
503936,0.25001111665827686
503937,0.17077676864370134
503938,0.046009144296013715
503939,0.04724342937058451
503940,0.012383418667767786
503941,0.6143270041183857
503942,0.004051626715218807
503943,0.0011479338606809155
503944,0.0017315977042980126
503945,0.10031381318775867
503946,0.03455642767330352
503947,0.6595273419086735
503948,0.052498691532275654
503949,0.610437086878085
503950,0.008574437809308682
503951,0.0308134180888613
503952,0.13495786605969745
503953,0.8325874377124465
503954,0.022862044773917213
503955,0.011854906545826103
503956,0.7036441316079073
503957,0.007308519597674722
503958,0.013633876810671143
503959,0.07580340111607253
503960,0.4528794987048299
503961,0.012714086678159828
503962,0.1299639866689118
503963,0.0046064875183719
503964,0.10958271037216002
503965,0.336712246268323
503966,0.6289124932979562
503967,0.06820097527080768
503968,0.007226736986139364
503969,0.015826578916166286
503970,0.12990092616533502
503971,0.09552852809395955
503972,0.05013474834448812
503973,0.05049882869882123
503974,0.0010402391586183993
503975,0.04290243618290184
503976,0.9733163138856147
503977,0.001707977057174725
503978,0.16208866148487575
503979,0.04893336567945053
503980,0.028252703548077265
503981,0.016279304437731082
503982,0.2934072475569018
503983,0.08780684084178056
503984,0.03019077549782002
503985,0.1443623774357262
503986,0.029863539070279384
503987,0.009725114761698737
503988,0.0220437902837677
503989,0.0011762433382796413
503990,0.7068143886154198
503991,0.7589814681760135
503992,0.038398733378003716
503993,0.001960295128624742
503994,0.04956823318541655
503995,0.12544706419827525
503996,0.013554336344962548
503997,0.5950115388997311
503998,0.03011215294611702
503999,0.8166814799880964
504000,0.3556328089085203
504001,0.06530707509013471
504002,0.0012258398694231297
504003,0.017963581787298975
504004,0.03208432980167155
504005,0.04859543780208547
504006,0.06959572317857939
504007,0.2981454903682274
504008,0.5346817063137775
504009,0.022960943453116323
504010,0.7857952552633538
504011,0.18790086346220694
504012,0.45310173795383524
504013,0.22053296268233138
504014,0.17708083933901522
504015,0.8913816887074727
504016,0.386453826575514
504017,0.2948186703929674
504018,0.04735727988239521
504019,0.09230624703022526
504020,0.02070954248507101
504021,0.8997929264322254
504022,0.0012833975890194057
504023,0.05182971615277571
504024,0.09528925063930482
504025,0.3007742188408328
504026,0.2957437114361751
504027,0.0436927103228297
504028,0.010310731296276257
504029,0.11793950451632094
504030,0.004206785312775037
504031,0.002295318016588147
504032,0.005368025135009181
504033,0.0574611214994794
504034,0.0030760356142414498
504035,0.09130550945201177
504036,0.18145600242338142
504037,0.0007966765609286829
504038,0.7434037005433946
504039,0.48582049887654066
504040,0.7623996269654952
504041,0.02426781517071466
504042,0.0032778410612771623
504043,0.16252728162226449
504044,0.05650551306682356
504045,0.28196359164477697
504046,0.5226715516006398
504047,0.009317549605403453
504048,0.0075295547235563354
504049,0.03379520906837789
504050,0.014604874566687406
504051,0.2426794048754306
504052,0.011541950735426994
504053,0.32173581573269694
504054,0.004960722357889365
504055,0.1725113630928227
504056,0.012684272191837802
504057,0.005937170036073068
504058,0.7213799023644953
504059,0.12785770124119386
504060,0.01746239536583893
504061,0.3016740331128107
504062,0.013839073407592386
504063,0.9290267668127117
504064,0.28558393992518805
504065,0.0007524456075888997
504066,0.01741872902363052
504067,0.12001619231057296
504068,0.4404296757511861
504069,0.00315322263999727
504070,0.024894872876933274
504071,0.09302492197919025
504072,0.016791964632686982
504073,0.9790658150231513
504074,0.8299042183881672
504075,0.07278670975085065
504076,0.0032178223258723464
504077,0.39395965455114235
504078,0.05039868050642248
504079,0.1205446700529122
504080,0.09877121578887522
504081,0.01307724165192373
504082,0.26235618201922356
504083,0.0062112038156473875
504084,0.006744885362637335
504085,0.07594338893249022
504086,0.008206728987479324
504087,0.9521742957792265
504088,0.023964599851542163
504089,0.002110034658198219
504090,0.006663558909950889
504091,0.009408074165042577
504092,0.2764178276196281
504093,0.34045223999969676
504094,0.1160989393339556
504095,0.04014363007623695
504096,0.008859186927028568
504097,0.03912148938433463
504098,0.523943256845897
504099,0.21077827682033964
504100,0.37113594766985764
504101,0.018391387620569574
504102,0.015513236426130802
504103,0.10027952558484722
504104,0.03982391177416046
504105,0.0012299870233344209
504106,0.13875425182899703
504107,0.016814575691104474
504108,0.09545805598604039
504109,0.012570763145334668
504110,0.055026996367101295
504111,0.000924750844692985
504112,0.6117156957352707
504113,0.0007788550890743793
504114,0.049630748643148405
504115,0.018143150543992653
504116,0.012044516587037795
504117,0.0003668604232047389
504118,0.2060130943587805
504119,0.6104232210772592
504120,0.6843208052259716
504121,0.7778060644507336
504122,0.4374435514348179
504123,0.005215541983847889
504124,0.11219881393874959
504125,0.8136589630874456
504126,0.29576597448231656
504127,0.3978735596439998
504128,0.03732841129282211
504129,0.07374146415901212
504130,0.0032717473164952356
504131,0.021350653226946868
504132,0.1612566604111195
504133,0.01290003047704549
504134,0.022689167713408415
504135,0.030423045925734457
504136,0.0013216544688943108
504137,0.23299159744070524
504138,0.0040335352483865045
504139,0.21162565090142074
504140,0.7576384114216878
504141,0.03342616345214898
504142,0.07266743185589196
504143,0.057952909098694036
504144,0.025539761582116443
504145,0.028491960205459733
504146,0.00048664360697846964
504147,0.02916148607922611
504148,0.504236440777325
504149,0.18490930492662347
504150,0.007727157389821369
504151,0.0014565911048832745
504152,0.001970962349033414
504153,0.0010541288107998625
504154,0.004516847782556438
504155,0.001065096240731019
504156,0.6443348047656311
504157,0.045660568703073695
504158,0.8038488439122912
504159,0.0008981019918549275
504160,0.001844276709953154
504161,0.7748268090983289
504162,0.18814378450903424
504163,0.023770364520247576
504164,0.03473460226180692
504165,0.904782016967428
504166,0.006389858435985274
504167,0.020838105808203236
504168,0.06296471571316063
504169,0.03413488530795542
504170,0.0022679724740015885
504171,0.21832608910956833
504172,0.10947159369013316
504173,0.011587123898014945
504174,0.005474802512240002
504175,0.45959973741767457
504176,0.34012436950889563
504177,0.18493121882349733
504178,0.009324480050356982
504179,0.013319961640019444
504180,0.20809800537157258
504181,0.03767642534527336
504182,0.049040818681640355
504183,0.08401678334783723
504184,0.013881234700261706
504185,0.05805479102955658
504186,0.009891602834861103
504187,0.0019575744932633543
504188,0.022143489544369788
504189,0.011648965735441058
504190,0.00032546280096728425
504191,0.02998566203635752
504192,0.013783982226239038
504193,0.07310536380140592
504194,0.029397423022487164
504195,0.04207327974546989
504196,0.026582780366736773
504197,0.01951745418995025
504198,0.45428096111300376
504199,0.3856840065474627
504200,0.008925536164908193
504201,0.007416572470626071
504202,0.028859677931367695
504203,0.03886678277982414
504204,0.052421250890350136
504205,0.022803258719964265
504206,0.03292141114468007
504207,0.001537576913654751
504208,0.007533792759836834
504209,0.01073582229574908
504210,0.010465383686415404
504211,0.07077236896337516
504212,0.015670679624995465
504213,0.10534225369770356
504214,0.0026776138432394827
504215,0.020014141298474116
504216,0.9720222428073295
504217,0.06428362980795833
504218,0.012358275536988143
504219,0.022611689153017974
504220,0.01290973338783387
504221,0.04368107563468254
504222,0.5551785763936148
504223,0.12723442173076388
504224,0.01855020250643122
504225,0.029842418640106987
504226,0.001787897809531454
504227,0.00511909864012231
504228,0.06735993404811381
504229,0.8326241364478358
504230,0.012401592144841612
504231,0.05713035304205453
504232,0.05194417841660723
504233,0.5815056331076234
504234,0.014235335787782896
504235,0.01863438167135362
504236,0.004367674558688538
504237,0.0031190574281003665
504238,0.028805971735825758
504239,0.1333017157895042
504240,0.013383718969364721
504241,0.09396613862737566
504242,0.20857925162739
504243,0.39755020814337494
504244,0.3303389493270679
504245,0.14405836593492885
504246,0.4449927468065169
504247,0.0016018996523269801
504248,0.1690564081451105
504249,0.08737308356147507
504250,0.2295567197677597
504251,0.0009526873560364289
504252,0.04381895919827022
504253,0.028762664306315303
504254,0.021918258449895627
504255,0.013746582701558378
504256,0.04893657020805243
504257,0.0007549316986167595
504258,0.04529016148068585
504259,0.11506060794552385
504260,0.0076040150389221645
504261,0.3669360817579988
504262,0.488409740234376
504263,0.001390670741739764
504264,0.04155959863481247
504265,0.02385083960323228
504266,0.0018525148078684518
504267,0.05710257922536937
504268,0.008383164469962148
504269,0.0008729352963681925
504270,0.13603865030246853
504271,0.054465751033455516
504272,0.8051064298588801
504273,0.023287790176343304
504274,0.9861405211654996
504275,0.0012775000175850658
504276,0.03585465548644729
504277,0.23886987728987516
504278,0.9605561278725111
504279,0.9781724425317111
504280,0.35234855564770035
504281,0.0006903693651368189
504282,0.0437660040825192
504283,0.9255013674698991
504284,0.04588961388096886
504285,0.10207788774159683
504286,0.000915456675903626
504287,0.0015018445860174431
504288,0.03962291972802526
504289,0.06555482376829466
504290,0.017715375379784074
504291,0.13625768245425243
504292,0.0026388656078745135
504293,0.32400545069827175
504294,0.0445763859106722
504295,0.13940095351402318
504296,0.022767786183164548
504297,0.5384646728383001
504298,0.08661384184297044
504299,0.0003920456942982532
504300,0.0009802834690082515
504301,0.2535536247103976
504302,0.5970770158135852
504303,0.022980437696239205
504304,0.1886250605259585
504305,0.6733349854103164
504306,0.12295660566206063
504307,0.09411627401299075
504308,0.05933665448057205
504309,0.014894999080495215
504310,0.22079496972337292
504311,0.03168241669800715
504312,0.07564811138290553
504313,0.0003495728244614819
504314,0.42865951153834764
504315,0.017117422873061106
504316,0.040541369274377036
504317,0.05363657713866025
504318,0.002780651327659828
504319,0.5392218575153741
504320,0.30839551851599883
504321,0.00030795649134069384
504322,0.2547623110203113
504323,0.011332367271670992
504324,0.16256673068790745
504325,0.17289006945997856
504326,0.5425160103373631
504327,0.0019397496613597497
504328,0.18696412552382588
504329,0.0006436116466323067
504330,0.011841609617742407
504331,0.01368646681632595
504332,0.01522958092054394
504333,0.0013452790837372953
504334,0.9975624994180937
504335,0.03810846991041122
504336,0.011005793399507174
504337,0.4173123133155267
504338,0.47301446106670775
504339,0.07393583554262859
504340,0.4341386648099094
504341,0.005405307237709949
504342,0.5198021907115414
504343,0.1739339547046703
504344,0.003604614428425335
504345,0.8740016035940931
504346,0.002527854136398937
504347,0.46506628890993934
504348,0.0035036441171015084
504349,0.03361909180581851
504350,0.47708038029844874
504351,0.0006271983462518303
504352,0.19317746249154485
504353,0.0005533050059195244
504354,0.09384389293424412
504355,0.08622499761263809
504356,0.00736257959706593
504357,0.011777184256522273
504358,0.8874309034974348
504359,0.46811872864108706
504360,0.0021128132088407653
504361,0.055158670349059614
504362,0.025320310313105512
504363,0.018831975012983213
504364,0.7889603803234438
504365,0.0014257561843143381
504366,0.09688949313419587
504367,0.9976911076938649
504368,0.013961768695335781
504369,0.0007234814221225184
504370,0.9746450486017549
504371,0.31071883027215497
504372,0.04078013036510196
504373,0.001824187429022499
504374,0.04658519041427676
504375,0.005861478735329042
504376,0.0020036042083356556
504377,0.00718197546383717
504378,0.012040235298642584
504379,0.006126939609714825
504380,0.001064217315787795
504381,0.04393214035293547
504382,0.04094976080739037
504383,0.3055527045115532
504384,0.03890036598960749
504385,0.0017492515265041474
504386,0.5732148564997546
504387,0.5736980820267865
504388,0.005712004947157921
504389,0.8485296432553157
504390,0.8469123051994603
504391,0.5550642611797638
504392,0.9594073112044769
504393,0.0881311040386043
504394,0.00783728070774996
504395,0.04879968235341985
504396,0.021467923743703668
504397,0.2401602898893474
504398,0.1545942324956546
504399,0.00177130924803415
504400,0.0011251708139625987
504401,0.03490436943267486
504402,0.04190127362389314
504403,0.024351462404519127
504404,0.0012328298544638826
504405,0.02381598980311585
504406,0.014854988229376581
504407,0.2974559401070653
504408,0.14788849281767333
504409,0.13285744159176113
504410,0.056960404464154686
504411,0.9975843361979977
504412,0.026229584183141353
504413,0.15624447487819784
504414,0.0027259429691048748
504415,0.3541342909378899
504416,0.01326910745585207
504417,0.001074850298171247
504418,0.0003263112132509065
504419,0.3132091883935358
504420,0.2887072734172487
504421,0.2545541877737113
504422,0.9632205894919673
504423,0.0005079339072830195
504424,0.026600347832443708
504425,0.14581510352906293
504426,0.0010486088613488628
504427,0.9099266212951449
504428,0.015983920888266574
504429,0.059480831543213264
504430,0.8288843308617245
504431,0.058158232986973334
504432,0.251754692798452
504433,0.0011636164193677653
504434,0.08671336882974327
504435,0.0024680725992268326
504436,0.0016951054086243732
504437,0.14201412683276823
504438,0.08568955580449185
504439,0.3779060334285552
504440,0.888222658908644
504441,0.016199520803243054
504442,0.005084894297164987
504443,0.3011684721950437
504444,0.006597404574041465
504445,0.9981480001890851
504446,0.00800500368295558
504447,0.2090546616709926
504448,0.7982985735304788
504449,0.20405528710580553
504450,0.09595993659894146
504451,0.06386428523666275
504452,0.0005679674474158678
504453,0.5849368136098813
504454,0.08759800653958252
504455,0.0024329062903296387
504456,0.0017761328861788392
504457,0.8782606377479693
504458,0.012126740965855663
504459,0.4253380649303216
504460,0.044449154192384384
504461,0.48609173845315673
504462,0.4499620064388784
504463,0.0015555373127928178
504464,0.06150796985913228
504465,0.00042780785443777064
504466,0.9975191775551324
504467,0.10148143081119113
504468,0.020267726215911108
504469,0.006460285187159819
504470,0.013777139869463238
504471,0.05051638813779697
504472,0.0010345665007915374
504473,0.036979115157564225
504474,0.09960662239088118
504475,0.37314002615202796
504476,0.05128250930568238
504477,0.003820321946428133
504478,0.1837302893731502
504479,0.0021584085262984
504480,0.22840891201019903
504481,0.010159713065024728
504482,0.12104307062709883
504483,0.5797177454287123
504484,0.0027661293752033085
504485,0.06410082475695855
504486,0.410094363773177
504487,0.1616312777357082
504488,0.010512336642863824
504489,0.008177529528110555
504490,0.010466244289881601
504491,0.38261641372289645
504492,0.14474701530411954
504493,0.0010017975560312389
504494,0.39803508378640734
504495,0.18847041217021263
504496,0.014325589964333012
504497,0.022317453011909405
504498,0.11979312485159195
504499,0.9829542623712304
504500,0.4117046582957093
504501,0.0003515014777226563
504502,0.0103052026397652
504503,0.001341806075702945
504504,0.0038803460466967686
504505,0.021369853517135995
504506,0.9975214768220931
504507,0.03080777790213732
504508,0.10134254046488926
504509,0.012749839326318601
504510,0.002127085234584922
504511,0.005266311510925495
504512,0.6382550634297903
504513,0.06828814662535576
504514,0.0007880978328939289
504515,0.07840135065794851
504516,0.021344982845131824
504517,0.03275783668901953
504518,0.40976019135279346
504519,0.16217673680910097
504520,0.6415056941044822
504521,0.05047275148733036
504522,0.00867294752850915
504523,0.9528400066476016
504524,0.0409199721049034
504525,0.013103801834751697
504526,0.060641592057109804
504527,0.6636799817575323
504528,0.1921090962524774
504529,0.06287433853395095
504530,0.12462284862851708
504531,0.04474823072924018
504532,0.1766005269350306
504533,0.9438386428868878
504534,0.8083210156326658
504535,0.04470970319551343
504536,0.8707829990943551
504537,0.13686500849178695
504538,0.6565224689265147
504539,0.049066166319355765
504540,0.056970029246313045
504541,0.0013272589639558242
504542,0.05384098446579262
504543,0.013161089273569846
504544,0.10847492452588571
504545,0.5367475040676866
504546,0.006074943356073743
504547,0.009339569682177307
504548,0.0894923226629147
504549,0.3957721229832077
504550,0.0079340263982972
504551,0.001853991016284524
504552,0.04998125456987858
504553,0.005123647077888356
504554,0.22248592289020988
504555,0.4534046921544903
504556,0.5838303826796354
504557,0.4535576004884245
504558,0.22570933299633233
504559,0.5092304451581532
504560,0.15152963914267395
504561,0.17267284947471911
504562,0.7237739461276934
504563,0.03255070257101587
504564,0.01513447403805997
504565,0.0857523981563472
504566,0.033609948408723195
504567,0.002318614801942511
504568,0.030346982163349086
504569,0.545471631650094
504570,0.0026612841892542636
504571,0.5792688622768298
504572,0.0009159923016686275
504573,0.40383737226888244
504574,0.10291269186111043
504575,0.5740488342712646
504576,0.1292769215832102
504577,0.007489306652783749
504578,0.12253532602442799
504579,0.014643442910734867
504580,0.9532086997693744
504581,0.629662676144136
504582,0.009302732654101545
504583,0.7959948007726195
504584,0.03695902270616778
504585,0.0074557694079096055
504586,0.1215921791471053
504587,0.000515742294771024
504588,0.04456643312732503
504589,0.017214546111068207
504590,0.003922216481635465
504591,0.5358853101651053
504592,0.016888304202715473
504593,0.0681366196742931
504594,0.10901902423056961
504595,0.015266237959584166
504596,0.10620776569906328
504597,0.08572382661656726
504598,0.006015405556362947
504599,0.020125641064894836
504600,0.013223354151942195
504601,0.0049193107651365935
504602,0.011676320225313728
504603,0.680153034633067
504604,0.5903632994883469
504605,0.06826378048904273
504606,0.019013552415134423
504607,0.11806657945149794
504608,0.019955163788873662
504609,0.0014781032148074304
504610,0.045965443295780464
504611,0.054525212612258206
504612,0.029923631870314153
504613,0.9674603971433579
504614,0.06227139082882732
504615,0.029403478602287175
504616,0.11261989268985817
504617,0.26680666555638716
504618,0.005542365691406981
504619,0.06192806142743733
504620,0.007398450247602463
504621,0.016379274265422638
504622,0.4368427598760095
504623,0.0004543341421642347
504624,0.020256602432257638
504625,0.0011773573433450232
504626,0.0010778485230944152
504627,0.01540847402710865
504628,0.019885333058824603
504629,0.00590888387456301
504630,0.4976376417872645
504631,0.040277468099273
504632,0.0004779172585880045
504633,0.0008133529948844295
504634,0.0014568692358076724
504635,0.582856129744011
504636,0.020388841628811556
504637,0.001269402382670476
504638,0.023029327477667245
504639,0.25469815868727375
504640,0.021880484556554773
504641,0.03746694648466869
504642,0.003481587088560495
504643,0.09768566584616614
504644,0.01255916397633013
504645,0.026573812493154964
504646,0.5477649529374854
504647,0.04196070346307302
504648,0.26974532327918377
504649,0.07382872114040397
504650,0.09427597477923383
504651,0.42737485265367564
504652,0.04288353017924535
504653,0.2796940164460306
504654,0.0003967363615124406
504655,0.005550528545796172
504656,0.007622811226052652
504657,0.0334510074382026
504658,0.007194155821292379
504659,0.22977303502219454
504660,0.1514787262221709
504661,0.015331210853746483
504662,0.2737552240859198
504663,0.032709046464940134
504664,0.000719463834825961
504665,0.03548847359665287
504666,0.009834355121376322
504667,0.027794102034247137
504668,0.2002064562822062
504669,0.5818444343615333
504670,0.017879798372859773
504671,0.04535661809992032
504672,0.0462273255550418
504673,0.03732754374150851
504674,0.04358215035011784
504675,0.007766757229836528
504676,0.05836533809342594
504677,0.011264365357408346
504678,0.07832100378868338
504679,0.48397078394217213
504680,0.6834743560162494
504681,0.023362090334088818
504682,0.7326732540156425
504683,0.09258918743768665
504684,0.017986163100183673
504685,0.9478426595425324
504686,0.0013173091178411334
504687,0.7037262517250654
504688,0.007225249213747884
504689,0.0029220071067921757
504690,0.41595696214044164
504691,0.0008587344118663806
504692,0.025646396003630088
504693,0.012553827847732558
504694,0.05440701385798839
504695,0.018142883642578326
504696,0.0024823399172942576
504697,0.028686774682129785
504698,0.10497032918132554
504699,0.9972998435054271
504700,0.11550576279168122
504701,0.0026215574096239563
504702,0.256435486529111
504703,0.37496794919525733
504704,0.9860125226126231
504705,0.26836531947162984
504706,0.3436656861277528
504707,0.2547590831063052
504708,0.0005814799695790784
504709,0.00030872658201387676
504710,0.011374062352015638
504711,0.22860833865563515
504712,0.0070121843068236605
504713,0.006114440839423257
504714,0.04393035414076719
504715,0.12155832645776905
504716,0.0027729353583065583
504717,0.08258522851291426
504718,0.0008595950384278273
504719,0.13350505054262282
504720,0.08283065454654082
504721,0.006578184055348977
504722,0.23652140082387538
504723,0.5125202808083226
504724,0.0018444491808069854
504725,0.092954886741023
504726,0.03132466736063478
504727,0.14647577620317348
504728,0.2416181346793142
504729,0.00027158190489790375
504730,0.0140300110211515
504731,0.06085871010265808
504732,0.052227129744458284
504733,0.0006093919887768585
504734,0.07563208846187744
504735,0.18913164363245466
504736,0.0014704302157122183
504737,0.006299688991095631
504738,0.005948724999455355
504739,0.05439066605158241
504740,0.03266693108918613
504741,0.0011735313874465545
504742,0.02720359343274674
504743,0.0035583401342312686
504744,0.017885467941750915
504745,0.004477157619911685
504746,0.34607732045005646
504747,0.003430042016971973
504748,0.003568101355570756
504749,0.012893321725203088
504750,0.00514348464312913
504751,0.002786609294988398
504752,0.003342303069833104
504753,0.32717815046395704
504754,0.2201712836597976
504755,0.004341981496052739
504756,0.202078734356239
504757,0.002667730282842102
504758,0.6905311029632873
504759,0.008790666314717324
504760,0.06682618151706535
504761,0.4056518423443856
504762,0.27895053571106637
504763,0.00609347187149556
504764,0.06391860425081052
504765,0.0009283888046632966
504766,0.01107608223687698
504767,0.2997825300244165
504768,0.07797334463740986
504769,0.14741839862003814
504770,0.004981484048569298
504771,0.02564163525841955
504772,0.049609092448232736
504773,0.8548590060605217
504774,0.025032133116546916
504775,0.0031412700446036244
504776,0.018424898217508066
504777,0.017500383984295754
504778,0.002873416893116802
504779,0.06123565176918576
504780,0.24312847708481117
504781,0.0018429859614157178
504782,0.20999705015400458
504783,0.02450863653743719
504784,0.014342955272450978
504785,0.24572417611086553
504786,0.01251868511611399
504787,0.06126430649306568
504788,0.2956398340276872
504789,0.008802382688725715
504790,0.2787090981484763
504791,0.14863074927023576
504792,0.541679544147995
504793,0.2848206134926429
504794,0.07380678450023467
504795,0.3577734178632949
504796,0.02260085802060942
504797,0.6459738042481344
504798,0.044363455392339116
504799,0.10589451099417488
504800,0.001965200450196319
504801,0.013479302094071425
504802,0.058509864477776806
504803,0.001461393762986226
504804,0.13877170347749493
504805,0.0027450542289535343
504806,0.08108107900203611
504807,0.026441553936845944
504808,0.0008908789152968347
504809,0.0371362045301176
504810,0.009412527753887392
504811,0.8075884672090874
504812,0.005306960989747551
504813,0.006524240181223781
504814,0.038752263945291784
504815,0.07663890899109085
504816,0.0005178518628518684
504817,0.08549297369210991
504818,0.020806523364133547
504819,0.02204586784905366
504820,0.01334969252435384
504821,0.2789823614019261
504822,0.1525475596422957
504823,0.012849742236322856
504824,0.049049679379338414
504825,0.0009159811845332941
504826,0.48908633388531175
504827,0.018812437492783905
504828,0.8984310587432368
504829,0.16331482367698588
504830,0.05923894677886981
504831,0.014590949614099862
504832,0.02310939492238464
504833,0.011656569853997933
504834,0.2917118625448925
504835,0.0023685283378133766
504836,0.00724528068728311
504837,0.08221425665934061
504838,0.08955320901141542
504839,0.6077606636250636
504840,0.07631566148631933
504841,0.7472444289469177
504842,0.01739551431108675
504843,0.014672590128098836
504844,0.18701367221628937
504845,0.013425977071899013
504846,0.00857024397094051
504847,0.01260168021016186
504848,0.33856666158462817
504849,0.04410422688506436
504850,0.2564225839888579
504851,0.01970764508311647
504852,0.012302886104894054
504853,0.23354319186907405
504854,0.025495553217107118
504855,0.1689405519834543
504856,0.009720993343174155
504857,0.5811231678585174
504858,0.0030669946109365483
504859,0.05992220264871514
504860,0.004573311545738865
504861,0.14525346190630853
504862,0.6128999484979277
504863,0.20884490946372936
504864,0.0014546503848077174
504865,0.0016695064000206285
504866,0.014501189500470515
504867,0.5071473570905675
504868,0.02046299302451182
504869,0.0021947550661507655
504870,0.4952220960945836
504871,0.07714262018746469
504872,0.0006952674458788586
504873,0.9983721443757172
504874,0.005970646168663925
504875,0.12049437032649339
504876,0.49410970360225276
504877,0.12610552284865936
504878,0.26496805282984537
504879,0.16507776915962916
504880,0.1629098575536678
504881,0.7164131699489144
504882,0.033595216240316104
504883,0.01552076454325605
504884,0.04425865543367287
504885,0.8567931078927047
504886,0.08919095917983365
504887,0.0075139644192960256
504888,0.6031310048598132
504889,0.0034481607803928584
504890,0.00011773532398380377
504891,0.27307716392430825
504892,0.05254296758592257
504893,0.057774667628615016
504894,0.37457798734032494
504895,0.22472260787057197
504896,0.09330018461547998
504897,0.20576739370747277
504898,0.11057130097611909
504899,0.009126985522096093
504900,0.1797199705582675
504901,0.021838146457406594
504902,0.9738989951843565
504903,0.02506535091575938
504904,0.10753462992155984
504905,0.004246548302553391
504906,0.002372081424358143
504907,0.04006805878122929
504908,0.029401707272815124
504909,0.2544907759417128
504910,0.9862789107171696
504911,0.44037554498044984
504912,0.01497967579593204
504913,0.07240129401991989
504914,0.3185786382071961
504915,0.02017848911966545
504916,0.9962262184591465
504917,0.031904480250974754
504918,0.9148439863643733
504919,0.3874893091172385
504920,0.9958845698812319
504921,0.01730828552212568
504922,0.015359602503154905
504923,0.004432408134289811
504924,0.009557596883256766
504925,0.5280714003072229
504926,0.12892840358839436
504927,0.06010416747677153
504928,0.030262071674416444
504929,0.0020735514557110616
504930,0.9880020023609887
504931,0.05902377773281636
504932,0.05620957881952794
504933,0.01337374669701513
504934,0.02789410490396847
504935,0.9107224897537939
504936,0.002305157980382229
504937,0.6524015400822911
504938,0.16676041124053356
504939,0.03028171935564042
504940,0.04192949999115818
504941,0.055313860611572174
504942,0.007054344919097416
504943,0.13503201860026356
504944,0.002079314912314376
504945,0.0010945114716667276
504946,0.3749033839230591
504947,0.008404804951280726
504948,0.015690137851163074
504949,0.041722924180443974
504950,0.0063751518044852335
504951,0.007393646886390014
504952,0.39370493296112796
504953,0.0039485288559593995
504954,0.01754810416360296
504955,0.06351807315671892
504956,0.15621446070752779
504957,0.013282598361475067
504958,0.11355558925780776
504959,0.028312147600490424
504960,0.02898373703902476
504961,0.9232848497125576
504962,0.057784473806895935
504963,0.01119735525685439
504964,0.028956788915164285
504965,0.018576359172395855
504966,0.021539506653843844
504967,0.4749605562101214
504968,0.0014295375640365423
504969,0.04215542545067946
504970,0.36422973363762173
504971,0.03258930674853936
504972,0.05235237525125081
504973,0.5632868361821517
504974,0.8576594899042027
504975,0.0020037082688746217
504976,0.06447664119336444
504977,0.05303330069962389
504978,0.8287603084145224
504979,0.015042196547389431
504980,0.5300238414168661
504981,0.7941792765087322
504982,0.005248071043093654
504983,0.026486037414647123
504984,0.11611283354819163
504985,0.005825837797435027
504986,0.001503965472491954
504987,0.07943321726074591
504988,0.03126710164523858
504989,0.09406500063903686
504990,0.06627819269650187
504991,0.011432723461639512
504992,0.00592656446312958
504993,0.3651079964830144
504994,0.7132828343988945
504995,0.06703140999059413
504996,0.5910629976578757
504997,0.01622972976275611
504998,0.5016736246003953
504999,0.017350678851640836
505000,0.7568926655873132
505001,0.1496821416222977
505002,0.021864734454227416
505003,0.004707244368339623
505004,0.09264509768397886
505005,0.002200783539974994
505006,0.0695919448025916
505007,0.38767491946754573
505008,0.1086499533229667
505009,0.15729371989702534
505010,0.11438916412023302
505011,0.023114707583875446
505012,0.012103579180596945
505013,0.00318392518427585
505014,0.0023923645761560353
505015,0.034069027319757667
505016,0.05857351838252297
505017,0.0374665175923285
505018,0.007075072963604226
505019,0.06361765554666211
505020,0.015888469148987786
505021,0.9141335268842016
505022,0.010036382388239465
505023,0.0024770698328575058
505024,0.0018210758957297975
505025,0.018551127087583958
505026,0.001377269340574662
505027,0.9332918464368827
505028,0.22473946119812704
505029,0.011412545342321534
505030,0.008554314731551061
505031,0.7486826962583375
505032,0.08841549152256524
505033,0.06955707238115434
505034,0.5508981512179251
505035,0.3277823110424813
505036,0.02141332005665974
505037,0.20289680580769312
505038,0.2285178601214125
505039,0.02795653290720705
505040,0.06002364713110486
505041,0.021839947949798242
505042,0.06900638828637809
505043,0.508866354574127
505044,0.5624566809096789
505045,0.198054604079171
505046,0.42242877540386686
505047,0.08789947145668732
505048,0.18601584762955778
505049,0.010849666177676572
505050,0.10487042822606994
505051,0.10501371201596561
505052,0.06650289161803703
505053,0.6731552736972098
505054,0.0038117724482740335
505055,0.9334937811324939
505056,0.07684439948273795
505057,0.010039602556911045
505058,0.0008799899914114557
505059,0.09402625535044781
505060,0.9473984752373501
505061,0.06794602782787797
505062,0.39606304511070856
505063,0.043277784238853825
505064,0.001206498664367838
505065,0.06294992854491095
505066,0.012498101843933905
505067,0.007115502924230224
505068,0.017308999902330653
505069,0.041248370508723084
505070,0.0666711411584527
505071,0.031220041689686225
505072,0.001528850517875401
505073,0.0002610941828738183
505074,0.009145473797910017
505075,0.0035328513119309685
505076,0.09190294077746085
505077,0.01661406146226169
505078,0.10570023303386371
505079,0.03895946578402273
505080,0.030257937054581574
505081,0.024290307782645352
505082,0.014212624158159475
505083,0.45102315508189283
505084,0.027386183549298584
505085,0.07207776485903217
505086,0.01854293346420083
505087,0.00029382346852744066
505088,0.08547421327099591
505089,0.02346300712654056
505090,0.006365069412785896
505091,0.1833556047967445
505092,0.40479740983995627
505093,0.11260669918059654
505094,0.01281908124101931
505095,0.17161076315792093
505096,0.9157650133467982
505097,0.046138218113869804
505098,0.06578525912879439
505099,0.006497131400416751
505100,0.011558761477687954
505101,0.03728812542152955
505102,0.09296500490816786
505103,0.002973265676226918
505104,0.03312103520133339
505105,0.07732228213833788
505106,0.004423640854106772
505107,0.10306579483889863
505108,0.22910460180741676
505109,0.24155035676489847
505110,0.032154528974426895
505111,0.024302910677155166
505112,0.39660883228087307
505113,0.32339810861691537
505114,0.08860892106893128
505115,0.00033724505901226086
505116,0.10737691328284527
505117,0.320536550614746
505118,0.036312968818248935
505119,0.012366801875994954
505120,0.3279351548304985
505121,0.058382002875457716
505122,0.0012381154538706808
505123,0.04846313478419371
505124,0.2149422497353492
505125,0.012669222434193194
505126,0.0021907997084185263
505127,0.7192989818866798
505128,0.2397636714301434
505129,0.235151607173003
505130,0.010000301398606885
505131,0.02412608880404244
505132,0.0016664429295066246
505133,0.8994121278672274
505134,0.75894363335637
505135,0.012434973419230985
505136,0.096322037669659
505137,0.39934361644233396
505138,0.03785642058568942
505139,0.04897270632921058
505140,0.015565985823018118
505141,0.003265151889598248
505142,0.00047227276885756603
505143,0.5030002008891473
505144,0.6537126454636439
505145,0.02979765836906151
505146,0.7165485863942647
505147,0.220973897245292
505148,0.963874338173248
505149,0.13348863479868509
505150,0.03369358560614076
505151,0.03524282448457299
505152,0.030355000317227064
505153,0.001084959166204819
505154,0.011804303004307733
505155,0.008639183771667544
505156,0.021924265536914834
505157,0.17780103237062098
505158,0.03371770723892333
505159,0.022102732837640682
505160,0.0022120573870533303
505161,0.00351156774544706
505162,0.04022800279925043
505163,0.005554681836041271
505164,0.026243168241630692
505165,0.004889639005003758
505166,0.05551754836761928
505167,0.08621341681407108
505168,0.03221358213069368
505169,0.16089101785515303
505170,0.03843339174438444
505171,0.012693026059272786
505172,0.006267984363480223
505173,0.005674603249805394
505174,0.36322466355643673
505175,0.735329311964879
505176,0.049922098459081264
505177,0.003151088184389023
505178,0.027900618409783667
505179,0.01212030241534748
505180,0.008951091968348533
505181,0.047557557590834146
505182,0.014651961070436939
505183,0.019419371048556514
505184,0.27248297785754566
505185,0.18062964574621063
505186,0.8863894054097576
505187,0.006745009047394607
505188,0.032202019879082736
505189,0.023005279505971376
505190,0.030571927330297004
505191,0.06203395383411666
505192,0.0371254997201494
505193,0.07822801523680888
505194,0.03914886931281964
505195,0.005090543585445842
505196,0.07591826849150249
505197,0.29012084506239794
505198,0.9240304356909311
505199,0.06942737104592069
505200,0.05462250949243113
505201,0.063111175256595
505202,0.11455606378103385
505203,0.09003652938293191
505204,0.017263468166111257
505205,0.038486195778940364
505206,0.04148818980617525
505207,0.0007029323647289292
505208,0.6645540542441911
505209,0.0014430986131571584
505210,0.00297629155227695
505211,0.0010847150223382345
505212,0.022143398286997632
505213,0.01899519920671137
505214,0.6784198611338408
505215,0.09854363600631304
505216,0.000555941437111013
505217,0.032971601622823615
505218,0.39581085404127875
505219,0.0251502257763057
505220,0.0009988060306299093
505221,0.03914556221309848
505222,0.029494240959678193
505223,0.0016371684374587212
505224,0.00431369551043583
505225,0.9609470382509019
505226,0.02679849362960903
505227,0.24801815833453408
505228,0.048642132614911134
505229,0.010896107650190837
505230,0.011209139325323698
505231,0.0006169539302748209
505232,0.014239807117759117
505233,0.0005346496073385247
505234,0.05179689985729478
505235,0.02879374731137599
505236,0.18925606375636547
505237,0.040533338943245074
505238,0.1841523156666661
505239,0.01894920386104431
505240,0.0017743810901995941
505241,0.02785432784058942
505242,0.044918760573442185
505243,0.44441568572570755
505244,0.3479151665502096
505245,0.04153066516894479
505246,0.2391463430215036
505247,0.003343650563390389
505248,0.9553504765073642
505249,0.06935339415040952
505250,0.009547863824445106
505251,0.4981630296579718
505252,0.009131624365383617
505253,0.530735400332916
505254,0.007274446036025284
505255,0.0098192423770105
505256,0.7758314187496896
505257,0.11745798627516021
505258,0.015337625236847277
505259,0.001002246966435109
505260,0.5803283951055049
505261,0.009602506887437726
505262,0.0022901473238014286
505263,0.1923551522378722
505264,0.11506215569564349
505265,0.02395917548930536
505266,0.7841990665909224
505267,0.31990800926310897
505268,0.0030549668309890147
505269,0.17893921990051698
505270,0.0016279310562819602
505271,0.002559385757702084
505272,0.03997266498822567
505273,0.002818420651420763
505274,0.11324082827274662
505275,0.8706914174160761
505276,0.06223067344577986
505277,0.654574698363111
505278,0.05065994430176474
505279,0.0558638623677467
505280,0.21869256222931255
505281,0.9826379085476247
505282,0.5201982038562645
505283,0.053458749341147645
505284,0.0044431632396409945
505285,0.011752304285410067
505286,0.12072690271690334
505287,0.0608476492455684
505288,0.012819477381514692
505289,0.0047139810962712305
505290,0.005971902291612543
505291,0.027156776631984476
505292,0.5945994146740627
505293,0.014936479099401191
505294,0.007829209950361803
505295,0.03749590499497663
505296,0.36637663382636837
505297,0.008775909537781134
505298,0.00270874295120018
505299,0.3598661149039285
505300,0.036225839110974226
505301,0.061840216633906854
505302,0.027460339564496818
505303,0.21784078715661007
505304,0.026646306600140425
505305,0.013821721127964585
505306,0.47242694025626697
505307,0.03195427779034261
505308,0.054532344003335204
505309,0.0011061987558856692
505310,0.01670255205865722
505311,0.014667483672001054
505312,0.05650761464112286
505313,0.048619749716774546
505314,0.4081585759889116
505315,0.005627483560337066
505316,0.046632380984472366
505317,0.07199512505193917
505318,0.0007513851546227752
505319,0.05772221808792756
505320,0.09107127828797507
505321,0.13380784388730668
505322,0.04214001776082616
505323,0.11435118085919822
505324,0.0009670580697449123
505325,0.01671220665247459
505326,0.010263703911200078
505327,0.024227461457555992
505328,0.24781697323903534
505329,0.0004698503282979342
505330,0.020364730432815743
505331,0.0038980130419791798
505332,0.01335044105004117
505333,0.20596755737201525
505334,0.002744462709984764
505335,0.013846440515629463
505336,0.0024286963424707147
505337,0.8926151719553341
505338,0.8916391788622218
505339,0.14565592583987694
505340,0.02463289173406871
505341,0.006788798008018253
505342,0.33279383097517057
505343,0.7407230141483444
505344,0.001270513463254826
505345,0.19897094979489335
505346,0.001101358008519962
505347,0.03802654206166352
505348,0.1613695435943807
505349,0.003432270015722338
505350,0.008159099490444017
505351,0.19217497799224773
505352,0.0219881097700773
505353,0.9710817930638106
505354,0.05292299174280286
505355,0.5645674423551502
505356,0.30856465640765574
505357,0.37926403684063265
505358,0.03320480967136
505359,0.08254615957603857
505360,0.8613841576785846
505361,0.004153102456293263
505362,0.015726770890454846
505363,0.029854844428606947
505364,0.022505326614417284
505365,0.10664229485995867
505366,0.00892707208546036
505367,0.21605191857658493
505368,0.03048033792369727
505369,0.0044300288026078586
505370,0.8655937515267573
505371,0.006435546809591945
505372,0.007820619556530812
505373,0.012312958721605781
505374,0.007531180983942686
505375,0.11863816947218274
505376,0.0009985659314884006
505377,0.005368534001570913
505378,0.00261638265097263
505379,0.02860021910722127
505380,0.01307725464104199
505381,0.0021683729154907856
505382,0.2075966979031525
505383,0.699797673267203
505384,0.7370484681446784
505385,0.01617906995218486
505386,0.08205209912268288
505387,0.1262338243662801
505388,0.9433482569015338
505389,0.08732491874754024
505390,0.026221593680829165
505391,0.007991973412828014
505392,0.0018549963041267473
505393,0.6051774600376071
505394,0.03626382544758869
505395,0.09249262954508172
505396,0.04596934411063887
505397,0.09965498990304994
505398,0.013178924318418179
505399,0.02877882013497259
505400,0.15975993179144377
505401,0.09855845821482703
505402,0.9819625970786049
505403,0.0010679422856299887
505404,0.44362341877585704
505405,0.011647153212869747
505406,0.005013790673810221
505407,0.8810560986456079
505408,0.014042677855764303
505409,0.9089758303433507
505410,0.0032670892239192216
505411,0.022688372307419196
505412,0.009381286962345907
505413,0.011799771953126481
505414,0.010563181116807102
505415,0.006891129469131039
505416,0.23359196092878826
505417,0.018846257355932882
505418,0.5507192560822772
505419,0.009506059933569165
505420,0.9389174830092791
505421,0.8790540383730333
505422,0.7538605416381818
505423,0.00512967050039484
505424,0.10815534958199337
505425,0.11915593051241995
505426,0.989925531986593
505427,0.22360849793701293
505428,0.6746339965631779
505429,0.033666757394087476
505430,0.1750525531338526
505431,0.0020684733473537013
505432,0.06523647039241746
505433,0.01827342259382208
505434,0.05686292939337772
505435,0.4181291422703791
505436,0.4722287283931132
505437,0.11051848786261322
505438,0.011280577701801034
505439,0.13935501268782227
505440,0.012598094768932271
505441,0.6530121084319129
505442,0.7335036490168599
505443,0.009432932328504388
505444,0.3601511770702975
505445,0.07570818103540733
505446,0.8583169298574835
505447,0.004048079908420527
505448,0.017404151015088788
505449,0.11452791731213073
505450,0.15814626124755646
505451,0.223603143062816
505452,0.7685454324292423
505453,0.0019449957751992027
505454,0.00028027899386426727
505455,0.06734852437964367
505456,0.059737163677828505
505457,0.10186053176130826
505458,0.07881400879640715
505459,0.010260308312239843
505460,0.0388474748871658
505461,0.01201203099647868
505462,0.11513904300508568
505463,0.2512495343311983
505464,0.49529227958921096
505465,0.9583038296307794
505466,0.1160851957326442
505467,0.0351228816120948
505468,0.0022128109378829544
505469,0.0003265704303307089
505470,0.0017904278474212805
505471,0.6637892415009341
505472,0.11065689084245889
505473,0.05057206357542222
505474,0.3782326762053092
505475,0.06635411127725509
505476,0.0011320375606050396
505477,0.0530861220662074
505478,0.8468678562553713
505479,0.003313558882415068
505480,0.048948551086770764
505481,0.870670076044874
505482,0.0007734652768427346
505483,0.016567736957649678
505484,0.004241632482446542
505485,0.05837540178708196
505486,0.04289099707975037
505487,0.0009081325213253589
505488,0.09241751683716719
505489,0.0007622253179811517
505490,0.9958534492282285
505491,0.004803272819705116
505492,0.010412671027162389
505493,0.023889332914167977
505494,0.20946010023895675
505495,0.01672038293808763
505496,0.0058222060305012585
505497,0.1806901976111341
505498,0.005508836807444
505499,0.0028571639166711724
505500,0.24825163512612178
505501,0.0038358690990535345
505502,0.24238795327348822
505503,0.002645429146679473
505504,0.010133605501644835
505505,0.050783635694637834
505506,0.010928205867048194
505507,0.8498118377221482
505508,0.09852261542179434
505509,0.021592367980219334
505510,0.05891018752943691
505511,0.016951998002433882
505512,0.012766519442211991
505513,0.00889460653878626
505514,0.0004081854470032938
505515,0.49608931015681595
505516,0.07830118329042922
505517,0.04491567106683759
505518,0.3372790932774346
505519,0.16925697176140014
505520,0.0653750927756974
505521,0.024634568908990802
505522,0.00590008822018827
505523,0.013010060037169445
505524,0.008669945091782191
505525,0.34644511416723306
505526,0.00293798250828036
505527,0.19566761085327222
505528,0.0009731655053181069
505529,0.24657556191083377
505530,0.013550278050815195
505531,0.6299811916867976
505532,0.012645552144867851
505533,0.000802274729864268
505534,0.003166548455086582
505535,0.007793497451765919
505536,0.0002952860498365052
505537,0.685119384472115
505538,0.055377174072419676
505539,0.013061582229624486
505540,0.012649252030004767
505541,0.00567833245439031
505542,0.02917165701346734
505543,0.7496839009906097
505544,0.05791161938416288
505545,0.017354561656078224
505546,0.010662923642847918
505547,0.39085315789580144
505548,0.033726998715768085
505549,0.03395165420355586
505550,0.06714344202335472
505551,0.011501471733722627
505552,0.5778805320211653
505553,0.5669180011334299
505554,0.0010526602576727386
505555,0.1662299096059618
505556,0.00037285785354108155
505557,0.15304494601093324
505558,0.15093933893169503
505559,0.2664589349290507
505560,0.00032422456509424615
505561,0.10266337320096006
505562,0.36179981393847677
505563,0.0018033594299760195
505564,0.0016230712532010157
505565,0.1022971286383551
505566,0.8888558808101076
505567,0.00031071670369954134
505568,0.08196155346965106
505569,0.06623525151611834
505570,0.010478417260031752
505571,0.003373449108729484
505572,0.012847650873839824
505573,0.6758002208352799
505574,0.01743695535818859
505575,0.048222112599410207
505576,0.5122335165348403
505577,0.05024735436214727
505578,0.0067463206265081935
505579,0.9795802591224309
505580,0.21608445112923252
505581,0.0765259642589059
505582,0.0034694814080349313
505583,0.02646944934705036
505584,0.5598602337602644
505585,0.14880179729385584
505586,0.171436509201108
505587,0.6111337034669525
505588,0.002036649559777186
505589,0.0003024223229051897
505590,0.012071087616100562
505591,0.32737855834747154
505592,0.004374356123084579
505593,0.1963605013629516
505594,0.06144712042886435
505595,0.0010114197301489428
505596,0.6577103191054232
505597,0.11373255110616992
505598,0.006841637583649076
505599,0.017020059924076163
505600,0.5434563702883387
505601,0.17663047035219528
505602,0.028845488273124383
505603,0.420170482820704
505604,0.14733003767658756
505605,0.6224796848116432
505606,0.01657538366802642
505607,0.0018972559705937476
505608,0.23113340739172894
505609,0.1420986658290533
505610,0.03172070819720246
505611,0.6285270375975233
505612,0.0003911032861474799
505613,0.3629971956799645
505614,0.03793629950300846
505615,0.1344792543166716
505616,0.7677018608955153
505617,0.2202106958263663
505618,0.021733922331827162
505619,0.031148122291014983
505620,0.15525347000272016
505621,0.15422401051664092
505622,0.0029548454223322683
505623,0.0010204207439669702
505624,0.5413548438892591
505625,0.0331192132816351
505626,0.00023991524710959212
505627,0.025692875534176002
505628,0.005847943923566453
505629,0.0012363883670672726
505630,0.0013382391564639444
505631,0.05920447995897634
505632,0.012726720149364415
505633,0.8442661736756903
505634,0.128087772295402
505635,0.021363085482927473
505636,0.14183748726475048
505637,0.06089190922686398
505638,0.02098786651360172
505639,0.10417262767671283
505640,0.0157676493969471
505641,0.027820221718183144
505642,0.3025880333541069
505643,0.016722334809977597
505644,0.06701154060642599
505645,0.24104827951753308
505646,0.00045290637678478603
505647,0.11546884582854541
505648,0.0019527746811280903
505649,0.027670030975980062
505650,0.002250892459517882
505651,0.0009007124391356162
505652,0.016836680944125063
505653,0.3670908214006872
505654,0.03136856189828197
505655,0.002182712453190027
505656,0.07273438731910932
505657,0.6365326191188705
505658,0.04088013132651308
505659,0.014308119751899861
505660,0.007538857645196187
505661,0.0038477810748240486
505662,0.011966479253063274
505663,0.41441396891015436
505664,0.04638157173521915
505665,0.1541859717494647
505666,0.0016174293436571493
505667,0.0006840477621983283
505668,0.00049506955595475
505669,0.054065443379870105
505670,0.030948005025432088
505671,0.03040273499412167
505672,0.25918856594528533
505673,0.047119177035693086
505674,0.3510012127340292
505675,0.5967306046541796
505676,0.0018128318542274431
505677,0.0008354617658028719
505678,0.01680976153570172
505679,0.0022092122645878255
505680,0.6986901791157286
505681,0.05546624297329207
505682,0.12353247691234716
505683,0.01532534782757324
505684,0.00693360325211168
505685,0.002041207896614061
505686,0.003779329116930414
505687,0.14306951731573506
505688,0.012080868905500142
505689,0.000943249616835922
505690,0.001135781229210311
505691,0.0522858858633388
505692,0.0022645979065910532
505693,0.591746858262959
505694,0.024729236143818688
505695,0.13713992817469497
505696,0.08725423264583808
505697,0.11580768002757015
505698,0.0026776765454366077
505699,0.011629931340190065
505700,0.1434645613910469
505701,0.01708639430817704
505702,0.07032227063053585
505703,0.43105965815118846
505704,0.016379288711756455
505705,0.21966382058521589
505706,0.032597830590457115
505707,0.054033335265859544
505708,0.9547673312354993
505709,0.861245050526269
505710,0.09654039523149181
505711,0.0010252744626995467
505712,0.0016023569438907617
505713,0.012072320626127743
505714,0.019413433574912396
505715,0.024771323645212538
505716,0.005160275703322848
505717,0.18524598424173988
505718,0.012678289785580747
505719,0.31490030359597215
505720,0.7813481365920731
505721,0.01702667079181129
505722,0.03996055441900708
505723,0.268895047208728
505724,0.026144761591898952
505725,0.86795207272922
505726,0.0010825326236019496
505727,0.06673607090763971
505728,0.12787524647034895
505729,0.01047824665771938
505730,0.044806863219700815
505731,0.014107947268230487
505732,0.0009779599220458332
505733,0.0013077446721000672
505734,0.24085897411833107
505735,0.0013148268166709232
505736,0.4255101344857208
505737,0.03899516916860071
505738,0.0750759429086749
505739,0.006518050745544183
505740,0.002420067208223186
505741,0.5756549612800698
505742,0.7150151961068472
505743,0.10864847428353294
505744,0.02505999130147879
505745,0.14150852366815964
505746,0.012312111179410687
505747,0.02337575063293547
505748,0.2785854630555738
505749,0.0009703457964318563
505750,0.13561886460124245
505751,0.0017280576853707455
505752,0.9112948169375992
505753,0.0035539706745195596
505754,0.6309434279087899
505755,0.3656029202450749
505756,0.02790731111459314
505757,0.6143034082139393
505758,0.027136259589617753
505759,0.003269647406058848
505760,0.08295086099465511
505761,0.08009194181865215
505762,0.003558606986679396
505763,0.019698852316994152
505764,0.002709501328778117
505765,0.9202718342543459
505766,0.13085089644277048
505767,0.6192002394504766
505768,0.6173849034790378
505769,0.9872411184550042
505770,0.012984906235582312
505771,0.00791547749056382
505772,0.28385410127904126
505773,0.9776863160382891
505774,0.0014412855625903986
505775,0.2847918456106507
505776,0.028312926410843868
505777,0.0035858488768612845
505778,0.49539330915358276
505779,0.2597210024194878
505780,0.5687184588781834
505781,0.16546725472543589
505782,0.004754472237608319
505783,0.19213905473891893
505784,0.006821005140433478
505785,0.04786139507199484
505786,0.09580484360462653
505787,0.9007148402578931
505788,0.004960217008276947
505789,0.14953193293857145
505790,0.05106619109879487
505791,0.9646629889215852
505792,0.8098050102129231
505793,0.02864710599309456
505794,0.001244975046698157
505795,0.9224950064652475
505796,0.1482546060159087
505797,0.0007992766562503589
505798,0.10955501766878886
505799,0.02596917816757733
505800,0.6673365457692133
505801,0.013939493897880764
505802,0.03603673931241088
505803,0.14780283499977975
505804,0.6047837085352648
505805,0.007250171917441215
505806,0.01043766800366916
505807,0.4611908498331383
505808,0.023408587529241395
505809,0.9890428360605674
505810,0.9791296886230745
505811,0.015946383883367454
505812,0.0391538138975409
505813,0.022667323633803423
505814,0.014632434169431753
505815,0.12679425563037786
505816,0.07778257976572729
505817,0.6737300511886906
505818,0.03968401463304559
505819,0.005191530183405277
505820,0.026229834414423597
505821,0.005856071226674402
505822,0.000993081454451529
505823,0.3284923792753539
505824,0.012278388276091482
505825,0.021709487608494497
505826,0.19090981116795036
505827,0.25432085259141424
505828,0.1166251567268343
505829,0.9255538951461273
505830,0.019529587887531834
505831,0.0007468190882158122
505832,0.016188326065248382
505833,0.06901361915892153
505834,0.0013906787982142148
505835,0.07853153501986461
505836,0.5780919841289089
505837,0.26786667722052143
505838,0.0007911294549010705
505839,0.7633871365770012
505840,0.035665244252612895
505841,0.18850950612659426
505842,0.012123904353688545
505843,0.0360708612636169
505844,0.0048980831103384226
505845,0.059279351290914196
505846,0.02622054590395157
505847,0.11280961985611183
505848,0.09572184140825121
505849,0.1623565652300708
505850,0.06788858412062446
505851,0.6334330292287953
505852,0.1559520441590457
505853,0.005062712622486747
505854,0.4194516420248168
505855,0.07931826643811228
505856,0.014526630963472828
505857,0.007705450821995667
505858,0.278339129178254
505859,0.019892102228809647
505860,0.030257363792320288
505861,0.002454340359933358
505862,0.04354189629750903
505863,0.0019547168486494654
505864,0.0013909347109259409
505865,0.00020880710716392745
505866,0.06551186301852975
505867,0.032670898348180946
505868,0.019047600755627933
505869,0.012388919020784773
505870,0.02980916276670373
505871,0.3769113473844513
505872,0.22027187013336377
505873,0.006112545917474761
505874,0.00013164771662136762
505875,0.0002706537882605251
505876,0.022931568159475238
505877,0.022388738968158954
505878,0.0163617590864889
505879,0.4852783475106304
505880,0.016843527708891335
505881,0.007184106517823776
505882,0.03629865315852321
505883,0.015289027959785734
505884,0.025112016298925895
505885,0.6467930543929246
505886,0.1258751698652529
505887,0.03578100128520464
505888,0.05227187661493129
505889,0.15916592309061284
505890,0.018092302919140605
505891,0.9602867064953345
505892,0.054760245180061444
505893,0.20190864027982228
505894,0.0003934448041184531
505895,0.011504271475026409
505896,0.006360358533979104
505897,0.0867298590884726
505898,0.2912848137299338
505899,0.5917325337647047
505900,0.053480261970349066
505901,0.28804967896232647
505902,0.017745499627259177
505903,0.9887331513166926
505904,0.017968544243848392
505905,0.04119833373841379
505906,0.13393937813629983
505907,0.2600092566278465
505908,0.1688881390086713
505909,0.37934315715517214
505910,0.006280988866410918
505911,0.021078679492972947
505912,0.14067598183161986
505913,0.0002778626128685571
505914,0.003984564593239513
505915,0.00990976246804315
505916,0.012199813832849904
505917,0.05999335119677527
505918,0.03112031946018897
505919,0.0010342079202527114
505920,0.047049036151225965
505921,0.0030011551908452525
505922,0.009028273184620602
505923,0.5965429795314435
505924,0.005251092319001528
505925,0.03333289803510425
505926,0.002096685281836784
505927,0.010535651820339985
505928,0.8152587893738874
505929,0.014649854029289967
505930,0.3237391427086511
505931,0.004440629083208869
505932,0.0028350241509572864
505933,0.27683443295701776
505934,0.5964361598524607
505935,0.03629721844686473
505936,0.378435625770481
505937,0.31374928788348894
505938,0.01818080168026141
505939,0.0001619146339235454
505940,0.03877626400276552
505941,0.0006524091243989135
505942,0.017225634037284072
505943,0.7958790888012489
505944,0.00038351909035930725
505945,0.01445922429823882
505946,0.0014111328532440065
505947,0.4864856099004677
505948,0.41066648280417584
505949,0.9827281752131912
505950,0.060463006994386385
505951,0.00488360485429985
505952,0.008581284897736186
505953,0.0015321884986422747
505954,0.5606770701110383
505955,0.10788171097094212
505956,0.05076063041532834
505957,0.005855174603350813
505958,0.08766273453511395
505959,0.0074353104494012
505960,0.0007254596515781816
505961,0.03560521859867851
505962,0.01544963842457203
505963,0.9980389873117147
505964,0.14844220006434172
505965,0.08853529619762887
505966,0.5093628356883683
505967,0.012257173398458157
505968,0.22758288150519934
505969,0.03242164995136594
505970,0.0818606045933855
505971,0.010039445968482608
505972,0.07948775997783421
505973,0.013528546476059243
505974,0.006275990643428224
505975,0.12543069160756273
505976,0.005024120772237686
505977,0.9977979469541279
505978,0.014844500894072413
505979,0.45433061178030515
505980,0.9686808135486036
505981,0.01724344621501763
505982,0.0012092550688956039
505983,0.0023906327964131066
505984,0.2476499366104228
505985,0.0008884259282872844
505986,0.0477848077776284
505987,0.022255742999381375
505988,0.011900794050398482
505989,0.0010223195509470788
505990,0.0012271250728684278
505991,0.016586468831926597
505992,0.01599930164622043
505993,0.010982059425172414
505994,0.4057571508114846
505995,0.030042514713014078
505996,0.024955416063840573
505997,0.6573156219700408
505998,0.9526216949575317
505999,0.05081359850950065
506000,0.3496288987362515
506001,0.13795711464378607
506002,0.002017132914889693
506003,0.06389777957800598
506004,0.3351819802095833
506005,0.0003243886030879645
506006,0.02500673491606376
506007,0.19760596320284537
506008,0.012526109741078375
506009,0.9444706214458093
506010,0.038268190149487256
506011,0.6406258884170629
506012,0.0005450470780276965
506013,0.09401507675630419
506014,0.6857246320977125
506015,0.09924144280838205
506016,0.0012046893595703445
506017,0.061666996120760896
506018,0.8458674804334287
506019,0.0015080207510913544
506020,0.10327196552553544
506021,0.4968864115464731
506022,0.0020254564649676452
506023,0.9292756388286523
506024,0.48262705140523704
506025,0.08089160980686666
506026,0.4766153638580094
506027,0.17487088419153782
506028,0.18253366088901915
506029,0.12085061723213916
506030,0.32629052651665846
506031,0.012767914217573978
506032,0.9911380380212944
506033,0.3662733110948597
506034,0.06693182382302228
506035,0.1292663236274775
506036,0.2061903825688988
506037,0.5301095092429693
506038,0.6085320283686709
506039,0.35269576997324503
506040,0.08938777774088934
506041,0.0006957388081238022
506042,0.17947356049984828
506043,0.000587748924124154
506044,0.7436023168829423
506045,0.02388695012412404
506046,0.1214027052792875
506047,0.021717046468646865
506048,0.01631476837048315
506049,0.014031126711722733
506050,0.012732795977206527
506051,0.1532135345335064
506052,0.17697567361370298
506053,0.011826866213947363
506054,0.00128727681668489
506055,0.6087538285059991
506056,0.016246785328763842
506057,0.004300370599744652
506058,0.011850829008838071
506059,0.006929465668276119
506060,0.0004869056142745501
506061,0.5486533584933315
506062,0.8920159455615453
506063,0.002961206380555973
506064,0.062031260784682324
506065,0.023784366644049513
506066,0.13494697776500922
506067,0.08955676605992995
506068,0.007347890145735293
506069,0.0011970382442181432
506070,0.017949570881072685
506071,0.04071448258331748
506072,0.12726177732062474
506073,0.06468962964975493
506074,0.014041327170968756
506075,0.14000307417908725
506076,0.1902461595932805
506077,0.0052177793687059795
506078,0.0008465227309056625
506079,0.18112051235713095
506080,0.518428203347087
506081,0.018919630048052707
506082,0.0006917188688404283
506083,0.015837078429438996
506084,0.0007511767095457573
506085,0.7315168265428361
506086,0.004528012834297835
506087,0.2113615080041486
506088,0.005103317309490575
506089,0.0876063610699356
506090,0.7921059693964945
506091,0.0437732638081514
506092,0.08204522605424949
506093,0.5557871795870103
506094,0.11416667627554956
506095,0.002167148918160752
506096,0.056572082652200394
506097,0.03807129740685674
506098,0.17538504035832903
506099,0.9834090540792896
506100,0.11477681276741102
506101,0.15313210382576603
506102,0.008024623770424164
506103,0.024825519849824573
506104,0.023786136812466257
506105,0.06396770648952671
506106,0.03589598419232861
506107,0.7557446092883695
506108,0.0015188021536097437
506109,0.0006404658808413427
506110,0.010489662455236469
506111,0.44058630847399416
506112,0.026400683237752482
506113,0.8639460391905877
506114,0.34581432356058966
506115,0.00018627889613907742
506116,0.054320857485944986
506117,0.017119276921577872
506118,0.042378305035110427
506119,0.051817418932035425
506120,0.003915194548316862
506121,0.49418404207544164
506122,0.23339693951893384
506123,0.501811899137902
506124,0.09598661470822048
506125,0.054303961293422714
506126,0.00309434497956433
506127,0.6086155057521861
506128,0.022721715367570332
506129,0.2665138190589747
506130,0.08019287016796797
506131,0.7159276799820394
506132,0.03128483279005549
506133,0.033512231975002055
506134,0.0010457316427561366
506135,0.004690118054114606
506136,0.12514277599591564
506137,0.9353879063293149
506138,0.8445942736849241
506139,0.0469574383818085
506140,0.014367245583882823
506141,0.07493047404685321
506142,0.03443577387150131
506143,0.1108706048151241
506144,0.9864377797184034
506145,0.6749378364342571
506146,0.08883791736948096
506147,0.02998081771541388
506148,0.013867952905943013
506149,0.020385592129654084
506150,0.2325857241935747
506151,0.0005615404857965199
506152,0.003197519733841673
506153,0.06426289645905654
506154,0.11050399699811081
506155,0.009642376230962877
506156,0.1814573067088849
506157,0.006235393883397611
506158,0.6036365172226851
506159,0.029313884573218676
506160,0.31591880940727274
506161,0.03826974878382128
506162,0.005935112196445571
506163,0.0011578961182279648
506164,0.014581196801460642
506165,0.009966272360231732
506166,0.03564549665570531
506167,0.0030618594298923375
506168,0.0066983110594659835
506169,0.07462080983726083
506170,0.27577216469971205
506171,0.0018983872896050735
506172,0.01563068926497806
506173,0.261900046064028
506174,0.03780166343488038
506175,0.10266206224825351
506176,0.0039756398274585925
506177,0.11850345339641448
506178,0.002006832191180819
506179,0.008965260174290423
506180,0.007082231574216563
506181,0.20512140559892553
506182,0.038892188724511514
506183,0.03344391142212568
506184,0.9062938307711843
506185,0.016746975240500436
506186,0.4968555003354202
506187,0.00017151529935410155
506188,0.26477793792168836
506189,0.003205644757055353
506190,0.003116533892868336
506191,0.005465534710723045
506192,0.24827859230752888
506193,0.06144176833865538
506194,0.033934337326092516
506195,0.1039103859251879
506196,0.05163944809993645
506197,0.14973443558076246
506198,0.015363801171865994
506199,0.38873778663719855
506200,0.31212032485231195
506201,0.0003897669970633763
506202,0.0015729445593229648
506203,0.009860014094555244
506204,0.10476853327812474
506205,0.0040003299171000265
506206,0.5240500425763801
506207,0.0068633500533714096
506208,0.0025686814809835158
506209,0.5667762502861807
506210,0.10998940888344304
506211,0.31225542432958325
506212,0.000744095853670601
506213,0.05928691469623671
506214,0.00799496739122722
506215,0.102126097446736
506216,0.008655812914096853
506217,0.03623763805950701
506218,0.007244429220766818
506219,0.5063654731059596
506220,0.01229487788872656
506221,0.004484795639996079
506222,0.028013553347873005
506223,0.0033742761651148583
506224,0.023434717568356526
506225,0.019741015339865765
506226,0.9766590936491633
506227,0.050248293552818804
506228,0.8799645949381678
506229,0.013515168498008823
506230,0.4278036841720698
506231,0.6028435434600534
506232,0.0058044413757957864
506233,0.3292831550893823
506234,0.8228971303623622
506235,0.0033536034443962734
506236,0.014131977926451374
506237,0.6838167195850453
506238,0.10178614018951292
506239,0.03126364093090353
506240,0.01610197114497412
506241,0.5136135274781723
506242,0.028394750452654712
506243,0.028986779202754845
506244,0.2819243223417547
506245,0.016014261739390374
506246,0.06853082595068537
506247,0.0033805295555898204
506248,0.8261256500882904
506249,0.23457079371116168
506250,0.00111663908280774
506251,0.061302479155090475
506252,0.01328509919728048
506253,0.17973251643874177
506254,0.0027201121226744424
506255,0.013167408956784338
506256,0.37724234022796765
506257,0.04783192728217055
506258,0.27383048586136804
506259,0.059005115329646855
506260,0.14169636508126907
506261,0.00469016529182007
506262,0.060603079009679116
506263,0.06141974713702992
506264,0.0028944250870998932
506265,0.01762273591240637
506266,0.8744723478011484
506267,0.7373235338365963
506268,0.18119340943877485
506269,0.08219635439394044
506270,0.0009144734209511885
506271,0.23974536297987073
506272,0.007868259640517733
506273,0.002505854484549224
506274,0.034498609164384304
506275,0.34388668780642856
506276,0.1011117465952688
506277,0.01938272811767057
506278,0.004429232597251161
506279,0.009753070351619942
506280,0.7677533396928345
506281,0.02702505098870657
506282,0.001982501190478348
506283,0.021578806748981858
506284,0.8458422435141099
506285,0.5811197473141465
506286,0.0034267873552906313
506287,0.02094892293986206
506288,0.04313136992017553
506289,0.019295449296152407
506290,0.004622658408310385
506291,0.25415326040945646
506292,0.004818195444529967
506293,0.12574310865638588
506294,0.011926967731740068
506295,0.6338996911009438
506296,0.0015771189976613224
506297,0.29535631686139163
506298,0.018667366493588196
506299,0.12809229825529544
506300,0.056947842871301585
506301,0.41110130825946983
506302,0.0010912474779820227
506303,0.0767048861467428
506304,0.000807084981416711
506305,0.0011071283666492745
506306,0.034232245168488
506307,0.18403553918908258
506308,0.036260972412741184
506309,0.8640663614565799
506310,0.654698017244038
506311,0.006981307919810297
506312,0.5494974452950094
506313,0.2722135763553716
506314,0.019118482986985336
506315,0.6200723294103883
506316,0.023994659877923773
506317,0.25467574009948446
506318,0.16838025554849365
506319,0.04587494956761249
506320,0.06711904838219951
506321,0.002265157294577825
506322,0.0008799110275428594
506323,0.0029793702562607035
506324,0.0028917404844875263
506325,0.015856689600212567
506326,0.778213712484015
506327,0.012011994156732153
506328,0.07864271402032114
506329,0.009001356273351876
506330,0.04494335171658165
506331,0.5497796348161894
506332,0.0008465955470911862
506333,0.0033332256846587125
506334,0.6071345328786092
506335,0.13715942050510552
506336,0.7099003253588277
506337,0.001955583948617181
506338,0.8877796711496202
506339,0.028728935401242592
506340,0.09146788210002514
506341,0.026607162360053463
506342,0.039190905584830814
506343,0.5280261374284059
506344,0.9047185997879887
506345,0.002093533136122239
506346,0.010269047356067366
506347,0.012611113262163338
506348,0.05616576732067436
506349,0.5622524661949272
506350,0.4886841914999573
506351,0.09857009426823861
506352,0.1039392272902757
506353,0.007783841783744279
506354,0.183553953904381
506355,0.0031219785116449513
506356,0.02331630557000808
506357,0.6661681873044191
506358,0.005168006297611244
506359,0.16454789995144872
506360,0.17749646155033694
506361,0.8564312540134822
506362,0.1593277710385702
506363,0.2544215297201892
506364,0.3700755564860541
506365,0.00031106031275692967
506366,0.007709187747410288
506367,0.001787073739229441
506368,0.0009160633196435825
506369,0.04046344847384864
506370,0.005859071380326285
506371,0.836216045648236
506372,0.778627439716831
506373,0.010255841549387835
506374,0.10108874515090235
506375,0.002674102697084955
506376,0.022068670767358505
506377,0.10796721971624684
506378,0.03383950382813016
506379,0.10510386039970006
506380,0.5546699131883068
506381,0.0709041992266575
506382,0.03115971891747714
506383,0.6487680872581392
506384,0.4432279394627293
506385,0.0011462937606535946
506386,0.01146450269878525
506387,0.9821989745192548
506388,0.04782226837801393
506389,0.0007603979196287038
506390,0.001048893761472849
506391,0.0048227719104346305
506392,0.0016859181870624964
506393,0.0014534742046127863
506394,0.4440369686592392
506395,0.012462763124525683
506396,0.001633574833991267
506397,0.01453473094762526
506398,0.0046441507466893316
506399,0.021704968246692574
506400,0.0014132101624510804
506401,0.021813166691401892
506402,0.0593366051488648
506403,0.08363065291688629
506404,0.0046918364628152995
506405,0.033517544349154396
506406,0.04045716842946924
506407,0.019121964049872705
506408,0.2853636946038972
506409,0.035811320048708205
506410,0.003789882326614079
506411,0.028580485512160213
506412,0.001341977550303239
506413,0.5477259350856456
506414,0.07332455514148813
506415,0.01674907147996844
506416,0.4910922356979172
506417,0.15757832498733462
506418,0.0010004841741218752
506419,0.029325728634428987
506420,0.0418641199781431
506421,0.000544178236800713
506422,0.06104111121169164
506423,0.06633422555695757
506424,0.004478530431239787
506425,0.004868960662832928
506426,0.022774994174588347
506427,0.02539929436537466
506428,0.0024427888414636067
506429,0.0674205783305802
506430,0.3048737532294375
506431,0.09985939839714915
506432,0.04421518240626244
506433,0.007661231820252596
506434,0.0582572140308615
506435,0.023939155514170495
506436,0.5793613492397247
506437,0.011583186258016388
506438,0.823875791992097
506439,0.002492731879064581
506440,0.0011454080627773858
506441,0.0008700138528965246
506442,0.960387714449899
506443,0.23135029940183324
506444,0.08953631445580251
506445,0.38227798742667907
506446,0.046514854894845435
506447,0.9957744750872233
506448,0.014612406567531407
506449,0.04845783401086343
506450,0.0035025705124651614
506451,0.0054821952209023325
506452,0.10433683657408725
506453,0.0013857371815055915
506454,0.01782388853535501
506455,0.27078421698727606
506456,0.014028492706266821
506457,0.05400986642794497
506458,0.29500000389282754
506459,0.011907583510912693
506460,0.0035011627478503927
506461,0.009184887737902514
506462,0.06488574465646225
506463,0.013420091795713076
506464,0.13249632133775022
506465,0.0737787679658758
506466,0.001222705956086263
506467,0.17464642229667465
506468,0.17673302834206173
506469,0.2729347851087145
506470,0.00870919831617001
506471,0.0727957407681741
506472,0.005680106591525565
506473,0.09898377756550608
506474,0.002742904009007899
506475,0.29866222528975356
506476,0.06119976714943157
506477,0.10198405504154218
506478,0.604388239839033
506479,0.04497828773923593
506480,0.0016727899221629016
506481,0.0027795703595428667
506482,0.10167873004592043
506483,0.0004702094734155987
506484,0.03936316001296881
506485,0.161427340849768
506486,0.035184492635415635
506487,0.0030610103939679506
506488,0.2881859693804295
506489,0.00656113625663174
506490,0.001671995900432307
506491,0.5304769413286609
506492,0.00686409600363569
506493,0.26536166608396045
506494,0.03785025152800223
506495,0.134507570848981
506496,0.010159045362488732
506497,0.14740588789422787
506498,0.8674059190201405
506499,0.0005079050499153427
506500,0.03791949328437399
506501,0.028882761150108596
506502,0.6790332487100922
506503,0.6623266411588292
506504,0.046732163964818225
506505,0.0007429714530390693
506506,0.023336071917635395
506507,0.0729223995186981
506508,0.0740339420612762
506509,0.430947083861232
506510,0.0030866545488178335
506511,0.42675802385170386
506512,0.0017575056915293476
506513,0.5974921215873021
506514,0.008398643886787292
506515,0.009334729681878578
506516,0.13777249083148677
506517,0.0023251857219940206
506518,0.047324857651421304
506519,0.005256882744134867
506520,0.5498054438115978
506521,0.016825955896538434
506522,0.0037847071841324636
506523,0.0713811397904922
506524,0.07373457975097347
506525,0.318687261538536
506526,0.005701952196448278
506527,0.0009605625750830257
506528,0.07622362449806797
506529,0.0005444319131475001
506530,0.01380508797178903
506531,0.32093009596734334
506532,0.124775144518723
506533,0.18239260131409976
506534,0.04357475887069941
506535,0.014629381800851993
506536,0.1384708812769338
506537,0.9642540943275333
506538,0.005044523086717769
506539,0.32632765309079786
506540,0.0021789976505024117
506541,0.2153449586607513
506542,0.016306010774344792
506543,0.010300493718669484
506544,0.7453550462458489
506545,0.0011412895233140243
506546,0.6888650601395647
506547,0.18707661448630458
506548,0.3186876993995621
506549,0.9212876316421366
506550,0.19011151082490424
506551,0.002375565650565483
506552,0.35472594902928284
506553,0.016805129055755694
506554,0.07031715939175694
506555,0.026894406990695577
506556,0.8845813208765786
506557,0.00024276999931667454
506558,0.12057998914219718
506559,0.009779256843273083
506560,0.20176135328890218
506561,0.7098222782981904
506562,0.10529509679837716
506563,0.15074860256795264
506564,0.023111299254916708
506565,0.00126709498696889
506566,0.0015110861324810123
506567,0.007370163586528351
506568,0.09647742537060029
506569,0.009174433145894582
506570,0.9637203614989586
506571,0.734012367576316
506572,0.01343833127598335
506573,0.0015503984826006074
506574,0.0012575390514611728
506575,0.0007601264661679658
506576,0.9191662067029679
506577,0.02573487066981183
506578,0.06054528664101548
506579,0.019379912340023567
506580,0.0034702421305561277
506581,0.001611541598089213
506582,0.023072380499850734
506583,0.9568878328198176
506584,0.0010866971802011795
506585,0.46812733558104613
506586,0.978422249398364
506587,0.12299071214749269
506588,0.014334415090962411
506589,0.38959144223625397
506590,0.0013157759590338865
506591,0.031438659670771196
506592,0.049455777280591036
506593,0.05261021375179651
506594,0.013081215217858263
506595,0.4940795310782626
506596,0.21476114391202022
506597,0.18241706271030927
506598,0.8039866824828591
506599,0.009132799313720744
506600,0.013338333599585719
506601,0.032071072286921326
506602,0.0020789126956315004
506603,0.02158466457075016
506604,0.7110149257390025
506605,0.7817704712454364
506606,0.021306218840161054
506607,0.8945611724463521
506608,0.04461485161353887
506609,0.012351315267206838
506610,0.0016361023769749731
506611,0.3705384389579652
506612,0.0009696633591429958
506613,0.20927468686277853
506614,0.7970498157201086
506615,0.012829228388753519
506616,0.034680045168444217
506617,0.1448315719889114
506618,0.29792617323830206
506619,0.005288401640215275
506620,0.12646200238592278
506621,0.9600042405557873
506622,0.15554798699088335
506623,0.09128888006159337
506624,0.9604543595581609
506625,0.14286999260158217
506626,0.577352254677526
506627,0.014443112198112935
506628,0.936458605185725
506629,0.001195924194069955
506630,0.5764021171773673
506631,0.0011545620253447361
506632,0.06692950654058494
506633,0.015053860229698072
506634,0.04167956392974944
506635,0.02148796336860209
506636,0.08192181023061205
506637,0.0016931332841961784
506638,0.19877794726223696
506639,0.0034549579396800814
506640,0.1535569882107721
506641,0.044798558614268014
506642,0.027162565073907012
506643,0.8919151530377819
506644,0.002549169045200763
506645,0.029458848695696118
506646,0.041861404227277355
506647,0.5975964466496712
506648,0.064060381859015
506649,0.5286987179274202
506650,0.003883907831616821
506651,0.0954219644911052
506652,0.0024235225146186303
506653,0.021604372352998263
506654,0.0005467041547176131
506655,0.04907898821225222
506656,0.9977009199590429
506657,0.0010360921048176623
506658,0.0035734582233480014
506659,0.2228819745393532
506660,0.21377139928378572
506661,0.27531555071243247
506662,0.008116608753243949
506663,0.47096059469092433
506664,0.004300506503296993
506665,0.0023239707535007174
506666,0.967211548620956
506667,0.17007037187593754
506668,0.044204230959338474
506669,0.9963025231431236
506670,0.5471227400881306
506671,0.001976513616451592
506672,0.027060557311658337
506673,0.9963812147778007
506674,0.026595039943348088
506675,0.040718152373726
506676,0.0007211572912572762
506677,0.00371340369325712
506678,0.004926142803151896
506679,0.6043962425667573
506680,0.02470288243426458
506681,0.0011764744848828705
506682,0.367994451038042
506683,0.12407891737098706
506684,0.03975529684667635
506685,0.0020443759156585774
506686,0.022999748696200226
506687,0.0037169231000197347
506688,0.9441113877657765
506689,0.008210674854775234
506690,0.031038562852397516
506691,0.14219140608045105
506692,0.010921234251997532
506693,0.8068830293226316
506694,0.06418726955612798
506695,0.01768129536360959
506696,0.8580045521888262
506697,0.042820413082832146
506698,0.001549769649003069
506699,0.3042007733070337
506700,0.028331735291091155
506701,0.0033112870879223612
506702,0.5460885659388333
506703,0.06369612831904814
506704,0.0025493588360293445
506705,0.28097953752913946
506706,0.018952959581987096
506707,0.24973071755136173
506708,0.05444198675218271
506709,0.8211110482767356
506710,0.9708539142682685
506711,0.042483098419092306
506712,0.06781336639884049
506713,0.04218319535552367
506714,0.2790666770645735
506715,0.01637411366640426
506716,0.12248641053524933
506717,0.05777271976588075
506718,0.039624269039245895
506719,0.022213043384269916
506720,0.051412448903940464
506721,0.011202533362897355
506722,0.0074986028401829545
506723,0.9866874929678159
506724,0.0012621968582228566
506725,0.044485557009990406
506726,0.2878159650665212
506727,0.0009278188945983866
506728,0.008540253525622196
506729,0.001356916354168668
506730,0.0008769542824900193
506731,0.07260884086350299
506732,0.23367195516863715
506733,0.6577028382463862
506734,0.25005903618273784
506735,0.04488557619131322
506736,0.03751190476996457
506737,0.2949857011882469
506738,0.051176218821575255
506739,0.010689476461837353
506740,0.006955430729287672
506741,0.1951739611562134
506742,0.03066807574452218
506743,0.27457354881906537
506744,0.003628573113044595
506745,0.17098829920624406
506746,0.00301893863275236
506747,0.008917157114884436
506748,0.001859202266506281
506749,0.00965309716195808
506750,0.020015572124077115
506751,0.009702317923731418
506752,0.0509458446890537
506753,0.03751686409363273
506754,0.012345097981177814
506755,0.80185278812629
506756,0.5510070124359888
506757,0.9523606310443717
506758,0.644239075909228
506759,0.00022077426549984387
506760,0.13514095524853537
506761,0.18045820828491418
506762,0.005926348731321251
506763,0.06801062294622306
506764,0.5679195316638899
506765,0.1476224938779608
506766,0.009509586943634029
506767,0.2867775946911725
506768,0.01531305060388546
506769,0.12088441864444546
506770,0.021596087437331286
506771,0.0011791309810154165
506772,0.015678114609597546
506773,0.4109040310036857
506774,0.0009854425353337554
506775,0.034573456087910646
506776,0.4486019449850728
506777,0.05457316707285602
506778,0.05089506056747678
506779,0.07849414833391359
506780,0.009793758524317386
506781,0.07508426068138546
506782,0.04074714526402531
506783,0.062180851836725455
506784,0.07851801608571618
506785,0.22300088927516507
506786,0.027635166882993587
506787,0.5349083539209695
506788,0.17007625986489475
506789,0.848383273171705
506790,0.0011479592129893265
506791,0.6894885551540105
506792,0.07327913093174729
506793,0.037464419537039224
506794,0.667913562009855
506795,0.051988609734828224
506796,0.006962534009139106
506797,0.13038205714733253
506798,0.0031928064147182197
506799,0.002190566781649309
506800,0.022713569662496963
506801,0.00019453842618499491
506802,0.5494919132916102
506803,0.05090476280777492
506804,0.10478092905789273
506805,0.0004747119414564935
506806,0.06439862088230504
506807,0.0028873243796343714
506808,0.012593505448310713
506809,0.004693592769474028
506810,0.022243009343487576
506811,0.03136025847238264
506812,0.013549587605563452
506813,0.18863633921338044
506814,0.03093745994907445
506815,0.054841910477773176
506816,0.0004789829857713297
506817,0.7196553557787295
506818,0.014307723062392383
506819,0.48760247279706936
506820,0.006604332213232448
506821,0.24391795916939016
506822,0.17139215213083578
506823,0.1522060060426666
506824,0.6359587235449885
506825,0.0017875794136547514
506826,0.0012073527170273666
506827,0.061434930701361384
506828,0.10942685140790062
506829,0.027103353033265887
506830,0.001528516956988941
506831,0.30032630847762404
506832,0.0003106210799584153
506833,0.005282013478425957
506834,0.9798227997283943
506835,0.0541292217122941
506836,0.0814896051278202
506837,0.07259666154637386
506838,0.010543661293579523
506839,0.0034130850065054452
506840,0.12862590444704983
506841,0.13721737622341088
506842,0.0217284396436818
506843,0.003419126772764163
506844,0.0012114592430158984
506845,0.02259328243851809
506846,0.001253340631280126
506847,0.00043198219255645583
506848,0.18870747751198721
506849,0.34184823291837685
506850,0.002254911072881449
506851,0.001328859628690275
506852,0.11582164416769132
506853,0.040516677005714895
506854,0.028634028316741316
506855,0.17875685899061405
506856,0.03195697774530651
506857,0.260627384745465
506858,0.2532637425180842
506859,0.0194097200783602
506860,0.3043843031829446
506861,0.10610029660065204
506862,0.059077887314448324
506863,0.014668500037450518
506864,0.01844038166158898
506865,0.009110749348142265
506866,0.732503613991078
506867,0.0040640007252399244
506868,0.014753623466066196
506869,0.021446449990796135
506870,0.07150643000375236
506871,0.03273394705086549
506872,0.008828545135360154
506873,0.034439205417256015
506874,0.14055218294550215
506875,0.6106364761076309
506876,0.009382891424051734
506877,0.0036629417453577177
506878,0.08412424760176476
506879,0.01514520285427895
506880,0.002272202658415315
506881,0.01151273136095541
506882,0.04048020892722375
506883,0.2061343109058191
506884,0.2035429384921245
506885,0.002830302574891395
506886,0.03701014560334175
506887,0.0069998788822894535
506888,0.026188722001435905
506889,0.03244616353039115
506890,0.011320974960032945
506891,0.011605075050569473
506892,0.00031839458957510326
506893,0.0334011393167817
506894,0.04733167950762509
506895,0.0014613363768589025
506896,0.0028711120471545215
506897,0.18177911188764526
506898,0.805793997067529
506899,0.048670700488921685
506900,0.031882482607270404
506901,0.0459623609230668
506902,0.00444201689723044
506903,0.12082955978040821
506904,0.010850554252339809
506905,0.02703915203043415
506906,0.015723317011580626
506907,0.004178154632585934
506908,0.056656828353426135
506909,0.0157971818361511
506910,0.29776452523754193
506911,0.01733379592388283
506912,0.7606619409082009
506913,0.28518082773786896
506914,0.009282458106366251
506915,0.1330339787326555
506916,0.014467519763943197
506917,0.0034998645780043715
506918,0.029520213263258446
506919,0.8155551140401954
506920,0.023199925119109406
506921,0.07224393103371676
506922,0.05026231301242023
506923,0.0021365715791214425
506924,0.0006861859936942873
506925,0.05520304978251958
506926,0.05073803410602524
506927,0.5561309244226263
506928,0.057314592249799276
506929,0.01078413501830986
506930,0.0005286998892932293
506931,0.012557885137637255
506932,0.00032872021341905734
506933,0.9034368716430926
506934,0.8545691686681195
506935,0.3533437265848068
506936,0.013993205438872289
506937,0.004162052526242783
506938,0.016087040351212615
506939,0.000769985726902811
506940,0.00048140069717058314
506941,0.016166993016309535
506942,0.05753947293651597
506943,0.007820071057229521
506944,0.5537132694279489
506945,0.11314809858027837
506946,0.00020298101772581043
506947,0.03106020456081732
506948,0.33865370478835527
506949,0.0004165303814108402
506950,0.30215863791860914
506951,0.04129012636645705
506952,0.3721606165111176
506953,0.3762865133731086
506954,0.02292664673025439
506955,0.9879979096299487
506956,0.010728236707014178
506957,0.018004463599290782
506958,0.20124408318416706
506959,0.0013335699065428193
506960,0.03310000749266036
506961,0.00034808277696610234
506962,0.33734662807759325
506963,0.05620911594770991
506964,0.03648802369470351
506965,0.020811293375136174
506966,0.06756452221107959
506967,0.01359739848544542
506968,0.013264123819491918
506969,0.1262925085901896
506970,0.01793662711569656
506971,0.003761119327733229
506972,0.06421633429661065
506973,0.0009492922171661918
506974,0.12483488909621776
506975,0.09057444280196333
506976,0.10959822022077663
506977,0.020856673685912503
506978,0.34693453417223086
506979,0.0548815660437451
506980,0.02983870173404406
506981,0.18589254733653665
506982,0.03240410388501317
506983,0.002641560413758032
506984,0.011917181488775876
506985,0.21968985495128585
506986,0.05760503037733624
506987,0.12626274884548183
506988,0.0157061320914612
506989,0.06874073585666327
506990,0.37675269499383657
506991,0.11222145581330746
506992,0.03664192093571994
506993,0.021365998853194297
506994,0.029307833096029696
506995,0.763829787687772
506996,0.016248935932463307
506997,0.009304512261444438
506998,0.05832809206793333
506999,0.1814045274822726
507000,0.0009075939427438847
507001,0.026954655500872733
507002,0.0014295594668895743
507003,0.0010122843721440682
507004,0.02724333877865097
507005,0.3076301062118099
507006,0.4849493951403674
507007,0.7278560230946822
507008,0.9960190330074377
507009,0.008763350834516693
507010,0.3928364212791604
507011,0.049267835968435106
507012,0.10749646263346893
507013,0.06684527154291844
507014,0.11799760165975026
507015,0.21616564654402606
507016,0.06686614425046905
507017,0.0015719106763162865
507018,0.0052834671262945235
507019,0.6943389059037338
507020,0.020045767641627514
507021,0.0008071471233589563
507022,0.012285657595170885
507023,0.001808208924576311
507024,0.8296332833857109
507025,0.0018692231673586722
507026,0.04015623841235832
507027,0.012006602065312346
507028,0.0012381266519010752
507029,0.010009818324010634
507030,0.0014579799231839463
507031,0.0822666657759063
507032,0.21462433724297855
507033,0.8545708426681172
507034,0.058142991030994476
507035,0.05743750633472074
507036,0.009261355592295671
507037,0.029837714259893962
507038,0.004857470393783725
507039,0.0012724449452689338
507040,0.9164997605722409
507041,0.001333145983916863
507042,0.039745105588377
507043,0.0004696253341750166
507044,0.009801907316121012
507045,0.9142625568412727
507046,0.014458510044706463
507047,0.0011196829124826757
507048,0.06684684461393775
507049,0.21431381534657828
507050,0.0011147884215023387
507051,0.3808617131070798
507052,0.0006981377630326297
507053,0.05159381728235437
507054,0.4594123597617406
507055,0.06281321537796057
507056,0.834959517550327
507057,0.011114989240194264
507058,0.0024216632592974937
507059,0.008794324430875359
507060,0.08307241254766
507061,0.4169661209769306
507062,0.008777328677967992
507063,0.1727018282636516
507064,0.012471699967082611
507065,0.003588844269656823
507066,0.2966685896683605
507067,0.35427200230936984
507068,0.020001784298999868
507069,0.11298654890300952
507070,0.012850058494893448
507071,0.0005654139981197406
507072,0.003557865684735901
507073,0.005681042851763805
507074,0.1663028875719804
507075,0.48529522291207977
507076,0.26946669223033565
507077,0.08651444440124255
507078,0.01230039871250787
507079,0.007236457752187707
507080,0.014554196085431789
507081,0.0030057176149901757
507082,0.8933511620906075
507083,0.3200793360015017
507084,0.03173649634983913
507085,0.006468919245644443
507086,0.11343895458879247
507087,0.006237806128528706
507088,0.0647734570478759
507089,0.0067812578020736685
507090,0.0022662169026334807
507091,0.011493912296576198
507092,0.015094558812797948
507093,0.015700173538610623
507094,0.16428912718017613
507095,0.03524452184681929
507096,0.1304448396940936
507097,0.013500757658852629
507098,0.0159519892150641
507099,0.3116961975813456
507100,0.09385487887435984
507101,0.012538820917508018
507102,0.09427219675165938
507103,0.3529621934520948
507104,0.012672384716769125
507105,0.0276245204890663
507106,0.0870860094418704
507107,0.019348167235977973
507108,0.18663458651616005
507109,0.09113154490289883
507110,0.004280051740150559
507111,0.0004150384093714273
507112,0.932505465455134
507113,0.09547154338814613
507114,0.0026435454317260336
507115,0.10459713339722937
507116,0.0029761339227796823
507117,0.4107176819186334
507118,0.029940516923050112
507119,0.0017853819734761156
507120,0.054455493583474554
507121,0.08655509997185629
507122,0.6414349645961733
507123,0.514895700849272
507124,0.8063539980007403
507125,0.24888038232717655
507126,0.847847723141963
507127,0.07174086497953051
507128,0.014293511489174286
507129,0.028853025159223906
507130,0.0011450811432519403
507131,0.94540807920874
507132,0.08372081194142643
507133,0.028960443689923135
507134,0.16417968002951178
507135,0.7028566585117384
507136,0.6308887309295385
507137,0.1001547000008376
507138,0.006861292004735161
507139,0.7647583759506534
507140,0.016751731034064233
507141,0.00021488987616446727
507142,0.0005875997411519247
507143,0.006454723166005733
507144,0.043853813307172376
507145,0.504100496940173
507146,0.013002958117912758
507147,0.019889332996345616
507148,0.008587405421904882
507149,0.008191539106042376
507150,0.04654794447780088
507151,0.25355779611875107
507152,0.036100731158231064
507153,0.11365409220818373
507154,0.008284489793724942
507155,0.8955817004109198
507156,0.012696825720514834
507157,0.13250430496722015
507158,0.011953325265426452
507159,0.0021900641263073186
507160,0.009427788469335605
507161,0.5079642552871466
507162,0.014336113833920642
507163,0.0010438213026145403
507164,0.013708120755797748
507165,0.008248188967354377
507166,0.043927855024997756
507167,0.16467382718159357
507168,0.006316882880507572
507169,0.6016398450432833
507170,0.1158556610185027
507171,0.006355606551928612
507172,0.0178287944927442
507173,0.0764355230991117
507174,0.010392247374063527
507175,0.0011952556205905315
507176,0.40018871924405564
507177,0.015688385490829636
507178,0.6872241218907262
507179,0.14123943643471237
507180,0.01977353975073669
507181,0.08664088459329873
507182,0.35862048315639045
507183,0.13948980289621776
507184,0.3575807708993964
507185,0.0015067436877430108
507186,0.06459272642655536
507187,0.0023560747909722943
507188,0.09662842277765918
507189,0.0021902465330361103
507190,0.4395954048526625
507191,0.17640764783443003
507192,0.08878245726607632
507193,0.021162594569767455
507194,0.8417469037765808
507195,0.08950434151683023
507196,0.9392971180325194
507197,0.058910733989981284
507198,0.5621636415662653
507199,0.731764774033933
507200,0.5912347576054683
507201,0.003010212770066591
507202,0.000299839859107964
507203,0.0017660019139989563
507204,0.9622397971554687
507205,0.0015950154356504246
507206,0.02050378526219653
507207,0.9761293273153506
507208,0.028822008383322554
507209,0.02537447817884459
507210,0.00399319621706007
507211,0.009455395452061833
507212,0.01711801406159363
507213,0.01812179412603943
507214,0.48834158729465676
507215,0.024347333567463898
507216,0.04509620358899834
507217,0.7460038327965127
507218,0.011111813465067125
507219,0.007096949677989543
507220,0.031308535437976126
507221,0.033275081908134115
507222,0.10365918091994736
507223,0.042984186773433415
507224,0.826111025021806
507225,0.0018562522960549313
507226,0.0031114028619957596
507227,0.7288831800092932
507228,0.10404117439922825
507229,0.0017509214146827284
507230,0.7481545482211812
507231,0.0026007222995882034
507232,0.06397173956782086
507233,0.020438732775562702
507234,0.7271185655837802
507235,0.8623547562252639
507236,0.010899517385999256
507237,0.0010464652594912353
507238,0.006682839792553436
507239,0.0071677816791656385
507240,0.006524369651722323
507241,0.0038507219441653766
507242,0.23901058175978404
507243,0.002563599061945779
507244,0.003679812000044256
507245,0.005986712029236294
507246,0.8940813320263425
507247,0.00107239300380578
507248,0.03930967698716175
507249,0.6842781721929145
507250,0.02906518450522589
507251,0.0009153487317258869
507252,0.12146808425937751
507253,0.06763400645392313
507254,0.06505585672510655
507255,0.009994832318548318
507256,0.015953380909303556
507257,0.020221360596719102
507258,0.06876702150636857
507259,0.052749219434057124
507260,0.14593871685584503
507261,0.014748446466600056
507262,0.6111426773215625
507263,0.0008281228262060072
507264,0.02773924052376692
507265,0.018532188820496058
507266,0.0030119861688968188
507267,0.2147320218690938
507268,0.051361765496127115
507269,0.010019591533885035
507270,0.024527586494496757
507271,0.017843503304538325
507272,0.038175466377441986
507273,0.12442771274896632
507274,0.8602756565906182
507275,0.0003576453155003718
507276,0.04358092391895765
507277,0.4368271780869753
507278,0.03270469068364454
507279,0.0023161360577497662
507280,0.03796662768306874
507281,0.5680982281273412
507282,0.012089395425018258
507283,0.026956941807603576
507284,0.7401400722190253
507285,0.9365309068706456
507286,0.0028932687431662612
507287,0.04185553058944743
507288,0.01853803665605628
507289,0.0388194792710583
507290,0.8465214043729512
507291,0.060110349241558614
507292,0.9404045135183307
507293,0.33336345669908624
507294,0.01338317680246959
507295,0.0023686522722305547
507296,0.0022567161233626705
507297,0.007359882546312841
507298,0.11610469655550298
507299,0.0007372045587145015
507300,0.06545074683992254
507301,0.20190531269257767
507302,0.6819575410356014
507303,0.002035364902456359
507304,0.007119389470872706
507305,0.06261608471346855
507306,0.05284983821576142
507307,0.17267928892735496
507308,0.28134207503718345
507309,0.1560876095658838
507310,0.02991178361204833
507311,0.004333500014369713
507312,0.05914002884165405
507313,0.2498416391933883
507314,0.017533813946064028
507315,0.0016266456954275935
507316,0.5287484415407517
507317,0.0718550457341208
507318,0.0007123443329854936
507319,0.03991166217779565
507320,0.17986177423906619
507321,0.006293399118787683
507322,0.060841568057262645
507323,0.0034165789527420293
507324,0.008484113598310649
507325,0.009469197168630344
507326,0.9623891048362878
507327,0.016304498229321358
507328,0.5705057094969392
507329,0.6677262146960609
507330,0.044298338713345355
507331,0.01359503999880821
507332,0.1388214978565892
507333,0.2126232843674056
507334,0.0102346827061377
507335,0.4522922879208867
507336,0.5254621292476094
507337,0.15636472456080763
507338,0.010426198180277759
507339,0.36798027145767387
507340,0.41459180676600293
507341,0.010771455366424171
507342,0.002403207588869609
507343,0.7400889931610823
507344,0.18318433377047344
507345,0.04464793041048064
507346,0.060398081785406316
507347,0.6404432150746702
507348,0.07048543993018873
507349,0.0032499902394601695
507350,0.005568380604042469
507351,0.03226334360283818
507352,0.028087141613567467
507353,0.0038400710030744934
507354,0.01608957775630693
507355,0.001342651912179958
507356,0.0004544284749039631
507357,0.0019393375726486223
507358,0.9822965670781385
507359,0.6762386006964691
507360,0.0136515783631532
507361,0.12166161522137775
507362,0.0010219872609709552
507363,0.033873721143126694
507364,0.0021093753972033975
507365,0.46225318644374996
507366,0.0029437888110230843
507367,0.06353313218147541
507368,0.012219192265571274
507369,0.04521669987520555
507370,0.006254627273973099
507371,0.02532457236206319
507372,0.0041909941536933774
507373,0.22573241983682682
507374,0.018448097011839214
507375,0.0679552930258922
507376,0.007329102130413153
507377,0.03628777506017108
507378,0.023594292782734286
507379,0.02362724348286187
507380,0.0005309645816483872
507381,0.05225607041899847
507382,0.024398306566632985
507383,0.20814428255037315
507384,0.0010653938076990322
507385,0.013840043996316241
507386,0.5960375054082456
507387,0.060323972365547596
507388,0.0022782931462621827
507389,0.01959884080481353
507390,0.034525606416694804
507391,0.016162851484287866
507392,0.0886394728244976
507393,0.002617592843705438
507394,0.010221410563763697
507395,0.3448839061168788
507396,0.01524425363409615
507397,0.021527284405079138
507398,0.046334786673543966
507399,0.012455569140465673
507400,0.018898974045708162
507401,0.0008935118398220186
507402,0.021749689645172543
507403,0.11913178970975016
507404,0.011461706025019485
507405,0.5180273574509912
507406,0.02521465059107441
507407,0.039898520887041405
507408,0.8772588863791457
507409,0.0006711219834643875
507410,0.14607471800004473
507411,0.05884645699583096
507412,0.06288587180944323
507413,0.13369076120203344
507414,0.002240451522306284
507415,0.018209493317083138
507416,0.05611452470923094
507417,0.017932048702388535
507418,0.001168751630568523
507419,0.038490474763391944
507420,0.22961959288875677
507421,0.8957720959628397
507422,0.7300140958958902
507423,0.015960678624053842
507424,0.04565957246123892
507425,0.04991468702888731
507426,0.061616932283400865
507427,0.09601255988837963
507428,0.0963620773540199
507429,0.042941767791011595
507430,0.0038539620613371496
507431,0.7994708592888319
507432,0.002049704464280169
507433,0.039524659781654585
507434,0.2913915634534553
507435,0.05016619513000513
507436,0.03305352454714639
507437,0.06122883705466774
507438,0.06674341931008718
507439,0.0003568559621894162
507440,0.334485320749356
507441,0.0018625386269701832
507442,0.06212816303778406
507443,0.021616731917457305
507444,0.9981689824507441
507445,0.8529417169793456
507446,0.03050099077749557
507447,0.0014797632179511552
507448,0.12982106371863802
507449,0.10073180264370935
507450,0.02171757652272314
507451,0.021775428120498933
507452,0.03410738484121413
507453,0.5345753187751459
507454,0.060687000479645245
507455,0.06392498505518947
507456,0.12444752686561442
507457,0.0011548022382715333
507458,0.46304115168081666
507459,0.03401009636518086
507460,0.11340966056028796
507461,0.9489695843661058
507462,0.0181317823165419
507463,0.0006692096676980374
507464,0.01866891646721432
507465,0.3889049078235737
507466,0.22466884665440123
507467,0.013688844041491711
507468,0.18814066826970835
507469,0.0067571356675898584
507470,0.007139893042348835
507471,0.982658340223931
507472,0.009412963741722576
507473,0.038415107746836055
507474,0.0010599954756519941
507475,0.11827340423269753
507476,0.9625943688000843
507477,0.062442221762688356
507478,0.04092467044971247
507479,0.011966900487738628
507480,0.017558691291943818
507481,0.48137538655847256
507482,0.019158095787774953
507483,0.007747098199822318
507484,0.6725595648726751
507485,0.28988956773165986
507486,0.9791468937712681
507487,0.023188653994224952
507488,0.002022759957057461
507489,0.008151657519514816
507490,0.07367729149316614
507491,0.08846596934517272
507492,0.1432875547975322
507493,0.338970185927232
507494,0.015549059444641975
507495,0.010974588836193117
507496,0.10466337756980093
507497,0.11030397810239181
507498,0.0041309890773494565
507499,0.6811709640577807
507500,0.058715251703847095
507501,0.022501238057622306
507502,0.12149941199920056
507503,0.00039621809139921686
507504,0.020771318356085516
507505,0.053934065103373424
507506,0.8817860801053469
507507,0.0433212303309693
507508,0.09420268705771401
507509,0.9836042437848058
507510,0.006245573607879868
507511,0.05949293814652094
507512,0.021522301032359796
507513,0.0377907604896656
507514,0.004424936079089479
507515,0.0017001855558228013
507516,9.865296642023461e-05
507517,0.006044889082114459
507518,0.07939925049723422
507519,0.004808554986712151
507520,0.9550917821649412
507521,0.2996845565801248
507522,0.0017617899394117185
507523,0.008986113044750861
507524,0.15958351534347845
507525,0.07690829717996074
507526,0.17416511681597469
507527,0.2184132150384923
507528,0.015133465201109106
507529,0.007322396545914371
507530,0.0020179489034476824
507531,0.11625362961559663
507532,0.04706497989853171
507533,0.9809480388960866
507534,0.48242438439777285
507535,0.34662225066420915
507536,0.0029610227564870915
507537,0.01171162944434722
507538,0.7135891100589293
507539,0.18878157475815632
507540,0.05648098403616416
507541,0.08731927056716274
507542,0.015534028311252007
507543,0.0014746082905948777
507544,0.02922209769030818
507545,0.001210600142883479
507546,0.008057955796438039
507547,0.03549976646564125
507548,0.050897339215333716
507549,0.06444309372816294
507550,0.6099956833031143
507551,0.002316941368797932
507552,0.004742649560164343
507553,0.10672392359187492
507554,0.10003099479488271
507555,0.028756497108817343
507556,0.906615481109729
507557,0.02935543564981815
507558,0.027111873305010144
507559,0.014048737472398239
507560,0.0332758406294662
507561,0.017110900725010772
507562,0.004060065902582339
507563,0.0005923228913865682
507564,0.009474850123131337
507565,0.020580087211483092
507566,0.019508421847528122
507567,0.015011023929941723
507568,0.6695245242179652
507569,0.969125126194219
507570,0.07452013514239207
507571,0.23322871855446983
507572,0.6490071219109219
507573,0.0019498463867750064
507574,0.9014384366917055
507575,0.461647415777512
507576,0.05244031969533881
507577,0.45039135144472703
507578,0.0240136878563904
507579,0.5330718471302501
507580,0.39670617510893197
507581,0.0029415372015187207
507582,0.37739544887853815
507583,0.024071080422444796
507584,0.03767300123746615
507585,0.013568383754755498
507586,0.11933661105468198
507587,0.19195640999102814
507588,0.6469722392369872
507589,0.0024428586249120652
507590,0.0303266751069859
507591,0.0015299883639391615
507592,0.6225224402509096
507593,0.4439661065785081
507594,0.02420327779853586
507595,0.01668749381540353
507596,0.0017482656844520878
507597,0.13538789065913842
507598,0.028004693819650272
507599,0.052628049769146125
507600,0.07291310237486784
507601,0.326624579589928
507602,0.1313160242006905
507603,0.9720073463288877
507604,0.017573771495661583
507605,0.18419377166185993
507606,0.06959452107235124
507607,0.017921551070671615
507608,0.47389552573056587
507609,0.0033181484174987924
507610,0.002609619171419827
507611,0.001744304040602685
507612,0.01389265537109485
507613,0.020919760667253044
507614,0.1400429500891445
507615,0.060747837146367265
507616,0.03404320822077753
507617,0.02704125054958035
507618,0.0009129492603964551
507619,0.01843689622709696
507620,0.4467415860279676
507621,0.30691553270516214
507622,0.0030037220967184257
507623,0.06272894759692105
507624,0.006927566835595168
507625,0.15124342006858948
507626,0.1324063262100141
507627,0.15531960295271305
507628,0.062382508836625
507629,0.10499259832432212
507630,0.008451659606127034
507631,0.029364803896020933
507632,0.2576037902801148
507633,0.002008413204386835
507634,0.2395672700408401
507635,0.058349617121383916
507636,0.07737329334441871
507637,0.1559663585429163
507638,0.00949239794452136
507639,0.03642956540624108
507640,0.05366949875710343
507641,0.00447189170935384
507642,0.0660622187672806
507643,0.05867884526519961
507644,0.00960696848198332
507645,0.06967624899689841
507646,0.042599011475385896
507647,0.130476216586778
507648,0.8270620815224009
507649,0.01154329142069842
507650,0.8707937167678428
507651,0.12449285972673342
507652,0.03979248202008974
507653,0.99060544989527
507654,0.0033537798801981018
507655,0.9099627998861497
507656,0.7441889680825491
507657,0.16313718961395793
507658,0.021569145282143005
507659,0.002099469675670643
507660,0.0049391237044823415
507661,0.025509762022426934
507662,0.5029837741340856
507663,0.05127376741358133
507664,0.0347244525707879
507665,0.0003923575545131184
507666,0.035673027330385555
507667,0.017160463987126985
507668,0.022313026222031473
507669,0.002365378445471993
507670,0.019441595942639077
507671,0.1826199355891257
507672,0.1775673041917126
507673,0.5054131829885192
507674,0.5925249874056578
507675,0.005213516028036868
507676,0.0024524613536706275
507677,0.1516963208892494
507678,0.0019366174063094343
507679,0.7301478178989711
507680,0.4007681746951022
507681,0.04660746699968278
507682,0.039453625110964265
507683,0.0467240618863902
507684,0.00869584837598285
507685,0.06412139669409285
507686,0.12034216244552307
507687,0.45044402218214913
507688,0.06543864505028041
507689,0.04983392693782952
507690,0.6287050550073114
507691,0.005708979106922585
507692,0.6556166385167792
507693,0.879386921803325
507694,0.0004723315743265549
507695,0.07451199772948369
507696,0.1197787934177426
507697,0.0014511912677622816
507698,0.15343289526809412
507699,0.17066585713260796
507700,0.037245040588371206
507701,0.0004567372793607829
507702,0.09904218048909914
507703,0.02656269078043767
507704,0.002808411059798849
507705,0.479162642378766
507706,0.009382436278163792
507707,0.028067041885047554
507708,0.5597798252926139
507709,0.10805233841251194
507710,0.0028261166162466263
507711,0.009270955251510303
507712,0.12717400296583256
507713,0.5042193535837479
507714,0.03329439041178461
507715,0.04163306231821046
507716,0.6594548666295164
507717,0.00033484476475741597
507718,0.994259291461028
507719,0.030480513661453264
507720,0.051663716962460506
507721,0.002637986821763362
507722,0.04569720122474965
507723,0.010110090393732223
507724,0.1372861832470326
507725,0.21853385760350955
507726,0.029925419388407228
507727,0.0821796171889151
507728,0.00194969828562344
507729,0.5754688725866988
507730,0.10617108455302823
507731,0.05147462895507227
507732,0.003456337711458584
507733,0.0068021470470844515
507734,0.08381248646154807
507735,0.062368861271465986
507736,0.018103907459184675
507737,0.014387975139420592
507738,0.9155072563732677
507739,0.03275516050943569
507740,0.2546711543414779
507741,0.11806211080815719
507742,0.008889532114758271
507743,0.04702368784832437
507744,0.1278983340096739
507745,0.8908846671375032
507746,0.2133742172212574
507747,0.017706161125815696
507748,0.0009647155351403941
507749,0.05743087238354964
507750,0.01232417677436836
507751,0.09759010532682744
507752,0.3977940265915685
507753,0.0008368264236739396
507754,0.10187814766468602
507755,0.01833072915111221
507756,0.040220188459309435
507757,0.7834484261588512
507758,0.0016466683748568214
507759,0.006915683905876478
507760,0.04829096152819165
507761,0.009497448525999574
507762,0.17091553826620393
507763,0.33674147277082456
507764,0.3397974206258626
507765,0.001272454899897492
507766,0.022912329929039046
507767,0.010170906746471912
507768,0.09835810293591829
507769,0.07988452548909632
507770,0.06868975845569643
507771,0.026374182652546374
507772,0.008297139975125968
507773,0.004753240532820964
507774,0.20846669579308733
507775,0.038577588561217915
507776,0.016080921525057378
507777,0.3037214024626529
507778,0.00809291537426948
507779,0.13877546715351452
507780,0.06835373995908653
507781,0.004702772903719132
507782,0.0017460935908479407
507783,0.002505315860825587
507784,0.6708076818418344
507785,0.11053311952498442
507786,0.08106226740584017
507787,0.008653146554807117
507788,0.0010489719105780952
507789,0.014717733003373645
507790,0.04478978107288989
507791,0.06040709472428636
507792,0.10760667248095199
507793,0.027672637326315485
507794,0.10731608296485358
507795,0.5368133200247641
507796,0.0008202948267058962
507797,0.03442447089121757
507798,0.0017833826657646448
507799,0.0024111670524804927
507800,0.00041293100436199737
507801,0.6301415895598141
507802,0.03452059206389745
507803,0.023299667218996317
507804,0.3131682516371833
507805,0.008441912911279336
507806,0.02132749530949115
507807,0.06387043902682618
507808,0.020499321359193204
507809,0.10592512272563834
507810,0.05485567258616281
507811,0.043961684226866436
507812,0.08589903026097487
507813,0.01174365397066226
507814,0.22412053853741729
507815,0.004144068397443344
507816,0.054283982301907265
507817,0.22508404207455662
507818,0.014760712068824698
507819,0.03431977276326927
507820,0.002533771540008869
507821,0.009332537441332535
507822,0.01674513195358666
507823,0.9964092576789029
507824,0.13345065391220284
507825,0.012831629010732242
507826,0.1909553788979228
507827,0.0027875064871752645
507828,0.0008184131165553299
507829,0.003299319356470869
507830,0.13809619679933038
507831,0.003129252477928763
507832,0.8761718696309594
507833,0.006792603762366121
507834,0.12203789703453811
507835,0.0020581379209701537
507836,0.0014171323733257718
507837,0.9836411574167717
507838,0.8730987012244218
507839,0.0054601480097507685
507840,0.10713072542713498
507841,0.3852654442583454
507842,0.5828966840726634
507843,0.028708657676461392
507844,0.04258052673188013
507845,0.005791571581779872
507846,0.007197996592511975
507847,0.005472888895727991
507848,0.000771413639891913
507849,0.1034056154764765
507850,0.00033441083349712504
507851,0.16518675841803623
507852,0.0012136636055760726
507853,0.004038177198997086
507854,0.18816367417360538
507855,0.0010232153168782557
507856,0.016339865705433006
507857,0.041509007235041515
507858,0.00935027465227228
507859,0.009883134713524346
507860,0.17751942822416852
507861,0.07353193728864184
507862,0.41735139367391016
507863,0.0008458225002819876
507864,0.42856639274494457
507865,0.01385472061706029
507866,0.1568918477154247
507867,0.22948620699319705
507868,0.00037084815832782867
507869,0.00586532090862281
507870,0.29013946135365265
507871,0.6094642388620405
507872,0.09991474238233516
507873,0.785227521684721
507874,0.07250033600179513
507875,0.0016296567784795856
507876,0.955196893797266
507877,0.8374691697050345
507878,0.27983751538314183
507879,0.45947456644422946
507880,0.06081523476027163
507881,0.17407484923796715
507882,0.0010771416040110241
507883,0.0031794620194595152
507884,0.016778454283266006
507885,0.07881011286123762
507886,0.015049731129363949
507887,0.057356523759693676
507888,0.40292290320898344
507889,0.21444802288139966
507890,0.15638180497946652
507891,0.0022465568505052953
507892,0.004014007299517677
507893,0.9578589806019361
507894,0.003565051026271474
507895,0.039932656502429394
507896,0.06886208084049869
507897,0.005361900886614552
507898,0.014988508231859652
507899,0.02279990538576244
507900,0.07576731756329493
507901,0.04970699418162523
507902,0.9955158897898587
507903,0.007489988581249355
507904,0.10892865613226818
507905,0.0008805712415058695
507906,0.0056555757278643985
507907,0.007183206818869419
507908,0.2531886088246285
507909,0.034026584819864855
507910,0.04979754238902925
507911,0.13511887775380288
507912,0.03116480288506035
507913,0.012609320482352096
507914,0.0029701195921393374
507915,0.17295218676019156
507916,0.061503568690123044
507917,0.422810133748841
507918,0.03719491186257268
507919,0.00521304420632189
507920,0.6054263164238785
507921,0.4186721369607437
507922,0.5051902436402577
507923,0.021929973364346492
507924,0.000781137179004638
507925,0.07560902356724819
507926,0.02280074383372907
507927,0.0010695498415636373
507928,0.006541843429548701
507929,0.006370534855052106
507930,0.25130720553331565
507931,0.08961617580833264
507932,0.26622809523173935
507933,0.008511400323248753
507934,0.02375313516177957
507935,0.5466959946179147
507936,0.018747305918951934
507937,0.03687070104663603
507938,0.06723828183487704
507939,0.0007828892162633881
507940,0.002168346091492997
507941,0.022350298898103367
507942,0.07083053666901687
507943,0.0055728420956121455
507944,0.05090155487279179
507945,0.282305457102305
507946,0.8882620771293434
507947,0.04222360972036165
507948,0.2047505733884471
507949,0.003135692995795969
507950,0.07998882513625104
507951,0.009652635287523048
507952,0.013810443633332396
507953,0.009537253898541615
507954,0.058681160229957306
507955,0.055366247557748556
507956,0.2809399369459482
507957,0.012505059170324974
507958,0.035520898613998556
507959,0.00911885667701103
507960,0.04393171257685269
507961,0.0641969661665044
507962,0.03517105469222197
507963,0.01881812297312384
507964,0.008117480490028866
507965,0.05765877858414302
507966,0.04083781640564041
507967,0.5573420770154878
507968,0.2502757823501318
507969,0.00036504588874376867
507970,0.08728049270419984
507971,0.021771991225989253
507972,0.06428656495547296
507973,0.005765969473580179
507974,0.0011127384269802691
507975,0.0843189651756975
507976,0.00995642910109685
507977,0.022614012728932237
507978,0.035567032628628016
507979,0.7966666551111482
507980,0.17927481020558278
507981,0.019340986502715065
507982,0.10003354935086763
507983,0.0001677760907081039
507984,0.9577672511467218
507985,0.13923082973834885
507986,0.048071450352961495
507987,0.026463372627072268
507988,0.012262892171622622
507989,0.2631556083837853
507990,0.3894218787591701
507991,0.6292730117385051
507992,0.30600120224998895
507993,0.007551213083526227
507994,0.08165085684693055
507995,0.4156631350557487
507996,0.044850145576284334
507997,0.12659873408754502
507998,0.20231761176556645
507999,0.004955465967325471
508000,0.9409910835863081
508001,0.06163993688033642
508002,0.05662833679111382
508003,0.003405055614944345
508004,0.9627489566902172
508005,0.9455294440861619
508006,0.025148920043759643
508007,0.689033683706728
508008,0.18645914427216662
508009,0.29225093023150883
508010,0.2602476567934313
508011,0.05492580167088043
508012,0.0023520133439351876
508013,0.0015397034994087404
508014,0.002606489559795055
508015,0.0020367419907786036
508016,0.09422977471437458
508017,0.023695001787580397
508018,0.014209025731889882
508019,0.30495236598170916
508020,0.17231055607230067
508021,0.04919475850053391
508022,0.2567593882955782
508023,0.01975608144402765
508024,0.009710392224134532
508025,0.02951785854230616
508026,0.6894260834371486
508027,0.03702860070275035
508028,0.021875552952944802
508029,0.001200824050996674
508030,0.01871191680133742
508031,0.046701006063185314
508032,0.0019813627862207456
508033,0.031025767210623258
508034,0.024523403328035612
508035,0.032628467211755885
508036,0.015990669896305394
508037,0.3946895163685342
508038,0.04595417765917504
508039,0.504107909278584
508040,0.06877267019678333
508041,0.9124234809551429
508042,0.04370498029382773
508043,0.20390266776465737
508044,0.015347971830257184
508045,0.021061593600723585
508046,0.01897273760793155
508047,0.0918473118554231
508048,0.1707995441803474
508049,0.01707717252553489
508050,0.9239336973389973
508051,0.046504854178549326
508052,0.4786459748660395
508053,0.23330345841049796
508054,0.0705798664498706
508055,0.8766082027754833
508056,0.02007702673684167
508057,0.16399367459463832
508058,0.022063240012529056
508059,0.014361723412795636
508060,0.04681643503927938
508061,0.02088111579946905
508062,0.08228450809824336
508063,0.01197554302138063
508064,0.10155981867468092
508065,0.393984368566638
508066,0.005166529143013267
508067,0.12228323774953688
508068,0.001756081147101835
508069,0.0008828580704925855
508070,0.004223019218266144
508071,0.0013082631741790395
508072,0.5917945628546075
508073,0.032009805076355695
508074,0.03585617809235507
508075,0.09685924955314813
508076,0.010420549048687845
508077,0.00111934150369618
508078,0.015333481107430658
508079,0.41948523287209344
508080,0.02648493474314804
508081,0.03535848874504907
508082,0.7511664550966586
508083,0.23270899281576402
508084,0.9732227922134279
508085,0.0509181915068952
508086,0.001401560817915615
508087,0.016466424219482266
508088,0.24005114342843104
508089,0.014963177487710595
508090,0.5144727774484177
508091,0.008648111527775752
508092,0.005343039164607072
508093,0.009681728527901686
508094,0.011535731883677052
508095,0.012826843369321272
508096,0.32666863914747624
508097,0.14130498680336862
508098,0.1363601514280871
508099,0.23327917379814495
508100,0.12062838974934127
508101,0.05210914360102243
508102,0.5673230374176167
508103,0.0039009239732320663
508104,0.9195047785029031
508105,0.04004010951956791
508106,0.9754924259269229
508107,0.12098466706696741
508108,0.0006612473193388281
508109,0.19882037646790826
508110,0.007245470269927586
508111,0.03916838564758542
508112,0.005794000929610879
508113,0.3438387694713737
508114,0.07141162762567144
508115,0.053124676016330495
508116,0.024158460469447036
508117,0.009561540497114029
508118,0.0009762086785282693
508119,0.001994476660026775
508120,0.613328993201358
508121,0.7761083141095568
508122,0.027552167424670083
508123,0.03019038724555609
508124,0.40030258150505826
508125,0.054176993582818564
508126,0.006514196186084865
508127,0.5856437647541263
508128,0.004562037448317014
508129,0.0505724146269105
508130,0.0019419734178438028
508131,0.012161185670196004
508132,0.00037154806262508364
508133,0.2824425916933001
508134,0.0030143170263477793
508135,0.02703854080533122
508136,0.12642948519372044
508137,0.0021357240277466863
508138,0.02127973453271124
508139,0.8200657307153899
508140,0.07496535463632056
508141,0.10768596163279176
508142,0.5152743144792357
508143,0.012459524114786489
508144,0.0019258956670874844
508145,0.029776419746172556
508146,0.0039648146293312534
508147,0.030257134874205654
508148,0.06269264269832402
508149,0.03624276473762157
508150,0.09047353750042926
508151,0.20936742971056194
508152,0.2093422985975024
508153,0.8725278709938452
508154,0.17459494601940567
508155,0.025802662176369548
508156,0.031783235864401065
508157,0.016042505601897596
508158,0.0727890856264033
508159,0.0597739036630337
508160,0.26521193132345994
508161,0.04211960932016271
508162,0.01923981165689979
508163,0.9973451270994032
508164,0.024065406056085068
508165,0.04461847888388147
508166,0.964241877174152
508167,0.008314824386201148
508168,0.2936996765508041
508169,0.0021351060276773816
508170,0.0069074036496529255
508171,0.03903939120770372
508172,0.27026463743022505
508173,0.39486026035399635
508174,0.1576602187378402
508175,0.027011331985037367
508176,0.11489767300324302
508177,0.20410825245672384
508178,0.31800052523748606
508179,0.025198365156263017
508180,0.03543825695188157
508181,0.012022859223095365
508182,0.026028144787084425
508183,0.9971020034950773
508184,0.03516786061185331
508185,0.0022683997185678362
508186,0.0031535021119967507
508187,0.8807510897107239
508188,0.2594433057456635
508189,0.0020368819776601403
508190,0.007119445944296992
508191,0.1399955918375059
508192,0.009021425587233742
508193,0.2667710353457426
508194,0.011248415251075582
508195,0.33552409289945523
508196,0.0076274738195727335
508197,0.5349472287177717
508198,0.005713133992463815
508199,0.029960979668339403
508200,0.08107736951361103
508201,0.002181094910486326
508202,0.1340131363549239
508203,0.010138125637425568
508204,0.15048633933076871
508205,0.08611993750621351
508206,0.010155615192164062
508207,0.07677531125897528
508208,0.09583695713201738
508209,0.003592731685658881
508210,0.013898410021030115
508211,0.0024648404737854395
508212,0.1485446106952432
508213,0.0012632318399101276
508214,0.0023174924011676004
508215,0.5773438148843351
508216,0.16423347131514873
508217,0.24593397805056852
508218,0.38037713193668954
508219,0.37886204438082727
508220,0.40958460860683416
508221,0.009147721592755027
508222,0.002597784070644339
508223,0.004631602443927068
508224,0.03435092878728748
508225,0.056482736055999676
508226,0.02486132160905523
508227,0.0019157742859138443
508228,0.026586319100830418
508229,0.12283582530497723
508230,0.02394561552612457
508231,0.3989450743028081
508232,0.006547103020768434
508233,0.12628820132598018
508234,0.03342421537029803
508235,0.042083530197453846
508236,0.07196785285236246
508237,0.010852926678870818
508238,0.0076738340041109104
508239,0.09912878573293682
508240,0.0021521963195410797
508241,0.061535687194643675
508242,0.0019597996723381963
508243,0.08755256450829951
508244,0.0038929541993142965
508245,0.39735643133141324
508246,0.01805979625282448
508247,0.3175540276005025
508248,0.002949929867068981
508249,0.9976492597133575
508250,0.231521983118229
508251,0.07995644616016316
508252,0.15678397491155618
508253,0.0009096555977740229
508254,0.08436877649032383
508255,0.0033443955710388143
508256,0.2491342513775358
508257,0.08639983039644214
508258,0.005331420606762892
508259,0.014476143558595618
508260,0.3659622614964958
508261,0.016517680503508676
508262,0.0009335316185344269
508263,0.009173201105315318
508264,0.001387818837135056
508265,0.028446612330771
508266,0.17936467987965765
508267,0.0005749597366150439
508268,0.997233760712118
508269,0.11869572847130187
508270,0.6996578109712175
508271,0.8261309835774058
508272,0.0006293125935038894
508273,0.07873509655603976
508274,0.011032558367452138
508275,0.06216521077613496
508276,0.4774735980001076
508277,0.004100634058459117
508278,0.06491325668877401
508279,0.058434103662979305
508280,0.7899732690008167
508281,0.4402020876795303
508282,0.11231590308746751
508283,0.7317578213908644
508284,0.7837647594605414
508285,0.1218608539799901
508286,0.016893493803183144
508287,0.6473887630103718
508288,0.0682392898735742
508289,0.2748940860652292
508290,0.6599309708472038
508291,0.011783188784118626
508292,0.24108996282333717
508293,0.05763842081412792
508294,0.04375198755214088
508295,0.004251731413735292
508296,0.06599422826011425
508297,0.1527126649171452
508298,0.011808280616147582
508299,0.08984406440877504
508300,0.9807798385810378
508301,0.4486636881152465
508302,0.013241490757589595
508303,0.010408033803677167
508304,0.27627669747199557
508305,0.9797136716874602
508306,0.15448865235578094
508307,0.010217519939941789
508308,0.608420840197029
508309,0.10571056966773212
508310,0.4827524688440166
508311,0.1148397023013127
508312,0.14242970277619016
508313,0.5324109945311193
508314,0.021923658576996612
508315,0.003211806651020792
508316,0.00018246501525042295
508317,0.030934040687280916
508318,0.010037470864884315
508319,0.08687117249841493
508320,0.9744852054982367
508321,0.24720601955407345
508322,0.024642649396944508
508323,0.009843048304750326
508324,0.049054420849414575
508325,0.0007195443418696978
508326,0.2752499437429898
508327,0.25872125450952993
508328,0.005691312695052367
508329,0.0033047686896937292
508330,0.0025511808856835475
508331,0.021841787328082306
508332,0.23869035922037476
508333,0.05952474528867534
508334,0.14030314433545774
508335,0.006327857856369403
508336,0.1446938812610278
508337,0.005248774341188367
508338,0.00546000032331043
508339,0.04776882447181953
508340,0.7066134489439314
508341,0.0006064207924986363
508342,0.03812276737427589
508343,0.000875053519989147
508344,0.7252369295740889
508345,0.16433870761916997
508346,0.06998222730912225
508347,0.006089507342665628
508348,0.020234359702585643
508349,0.9785683622243246
508350,0.05213086011467638
508351,0.0018149745657197395
508352,0.057570609888718656
508353,0.15947979161214257
508354,0.2911624967490202
508355,0.997489679692722
508356,0.16999183395699313
508357,0.09772530500845336
508358,0.062194721643020215
508359,0.002117122247395587
508360,0.885286917285048
508361,0.0008350420571876982
508362,0.08394198048479401
508363,0.26125197613777973
508364,0.8502529503360258
508365,0.015615161647065496
508366,0.5165615933001443
508367,0.0015217194815957764
508368,0.1517365521251738
508369,0.01750554795515257
508370,0.027304219625556257
508371,0.027803230589212382
508372,0.0005429531476149687
508373,0.1686338203104424
508374,0.11292143837957772
508375,0.8419857892399535
508376,0.49661796162121924
508377,0.6194028633925477
508378,0.17592409859842575
508379,0.003586129824894643
508380,0.10293574354607879
508381,0.027257993054273268
508382,0.0013741530943987077
508383,0.04739927923739533
508384,0.0033205896687345184
508385,0.0008839527396266252
508386,0.0018246019906969508
508387,0.037185075740594944
508388,0.09659965078033857
508389,0.018252749552459393
508390,0.004357471718993054
508391,0.0321066445681907
508392,0.005258200318771676
508393,0.0017822510633040973
508394,0.0013114285654684708
508395,0.06487336383609363
508396,0.83899476290047
508397,0.0004992138275469048
508398,0.0002472744705245298
508399,0.0015036175413323427
508400,0.00038551785318445645
508401,0.03710863358911943
508402,0.016746749343798776
508403,0.07642808602415557
508404,0.15965045748712525
508405,0.11817234583260865
508406,0.004273759642955557
508407,0.13133746421897766
508408,0.1317904633136178
508409,0.03223897620378001
508410,0.05499370577002056
508411,0.12038211086773734
508412,0.24326757129391985
508413,0.0017273743983076463
508414,0.5885546802149035
508415,0.018001295994343598
508416,0.04540827860360177
508417,0.0467372647516029
508418,0.12799465883978875
508419,0.34934212147337634
508420,0.6987598287912768
508421,0.002485536299086051
508422,0.00025612586214910515
508423,0.04294615499099347
508424,0.0006787671525179294
508425,0.07795086708045
508426,0.014680947433260722
508427,0.7210431392385523
508428,0.009106651150420664
508429,0.012013985155867612
508430,0.015353283134749379
508431,0.0404879827024871
508432,0.6384912700305767
508433,0.002000018410755335
508434,0.20006990692673743
508435,0.0018344967402435521
508436,0.06355164510350825
508437,0.022133886303755006
508438,0.32150060567546196
508439,0.75678537848343
508440,0.10718673546355362
508441,0.9564785917510228
508442,0.07204712381898168
508443,0.0016683281962425914
508444,0.14903667642022633
508445,0.0002629611771702167
508446,0.7947501030982245
508447,0.003665476439225797
508448,0.13500376969074046
508449,0.6042066922744064
508450,0.01687874632670082
508451,0.01952926399349911
508452,0.0044818449293886845
508453,0.012229031621802023
508454,0.05269524582477337
508455,0.012615586063927644
508456,0.004963412190917263
508457,0.5248352691152987
508458,0.0006564897327472389
508459,0.11142833913002798
508460,0.04939997868976845
508461,0.09132831453456884
508462,0.022828802552242712
508463,0.16772235959161033
508464,0.5580889643934224
508465,0.221221706876458
508466,0.02733142896732078
508467,0.023841886900641974
508468,0.14363533521940985
508469,0.06091701357456988
508470,0.03219052774664972
508471,0.002967000102836683
508472,0.0435338679736949
508473,0.001815058521876298
508474,0.616009806874799
508475,0.01600516275808453
508476,0.018252285861553735
508477,0.010728195462105213
508478,0.05335781935158014
508479,0.02276423119674657
508480,0.7104386433277837
508481,0.5632234439016971
508482,0.048878886880021524
508483,0.08214776252332573
508484,0.7910409760969026
508485,0.0023117603868126175
508486,0.0011788228868596623
508487,0.006186361165641482
508488,0.0232513984278614
508489,0.0036368245638820815
508490,0.017552288334868396
508491,0.687732854215216
508492,0.002282201934915542
508493,0.08576443147000706
508494,0.6828695005223198
508495,0.08398759335309586
508496,0.013661792806832182
508497,0.062263925571062015
508498,0.04423481361080961
508499,0.13716640441791425
508500,0.0053469917841791085
508501,0.3000450640322318
508502,0.16499748419445331
508503,0.13157516694900312
508504,0.04123099568323219
508505,0.040409692647945215
508506,0.09379430290301624
508507,0.07524510093662018
508508,0.0031572429973736266
508509,0.054623186806336696
508510,0.07905036527523994
508511,0.012153056132533481
508512,0.0014482673745626758
508513,0.027111769343238584
508514,0.028835784075928843
508515,0.6187541517423767
508516,0.01643931656338565
508517,0.10356202851196152
508518,0.07551271558401762
508519,0.027019704672828992
508520,0.15138626761301363
508521,0.1446567913940841
508522,0.014583945985732684
508523,0.981279441411338
508524,0.03711995091752178
508525,0.00036107393190042434
508526,0.0012528598055453158
508527,0.019704924483667723
508528,0.5329206520265304
508529,0.004945221539364358
508530,0.11606376731564448
508531,0.07757682287188686
508532,0.09481065955601922
508533,0.011330733338321764
508534,0.01821000788538379
508535,0.32370058993026557
508536,0.0035469194112120114
508537,0.023931090048740822
508538,0.1180216379185477
508539,0.5219114847657991
508540,0.02445382454957377
508541,0.009498841485889078
508542,0.007097629819976088
508543,0.005786126079814139
508544,0.0044421449718901876
508545,0.026436348620553673
508546,0.014913489130118708
508547,0.05094093842888628
508548,0.9077389820989431
508549,0.005834223603556001
508550,0.03715189367594492
508551,0.2667115530249793
508552,0.015556562355260236
508553,0.05844220695039524
508554,0.005147333032840068
508555,0.0013608937973878638
508556,0.008520971576180538
508557,0.00917142171240267
508558,0.15135741107867998
508559,0.004930771416878144
508560,0.006472309127130184
508561,0.13121689565755393
508562,0.03792886518076945
508563,0.35762201136022703
508564,0.0540908357213904
508565,0.001774202438054105
508566,0.8073418267088058
508567,0.5137477063255128
508568,0.6887382767893172
508569,0.2616632895154324
508570,0.005451124380547201
508571,0.00850609097590781
508572,0.07489105543850892
508573,0.029634548163299905
508574,0.010322351663229685
508575,0.6600545600818272
508576,0.0008957020214566099
508577,0.00242730052524521
508578,0.002582747136642712
508579,0.01918132704344012
508580,0.002936367629334544
508581,0.3720287514963976
508582,0.028470047976461688
508583,0.08468543172346124
508584,0.005447695208876673
508585,0.7105609299839238
508586,0.02844342986606255
508587,0.4006552097313815
508588,0.940513626336891
508589,0.010800000385747688
508590,0.012628466864369955
508591,0.18719371909991317
508592,0.04106620547173826
508593,0.03794623861259135
508594,0.024613686457638312
508595,0.3080727550792857
508596,0.004874897642908215
508597,0.008781036298030297
508598,0.03514017474444074
508599,0.084094582024658
508600,0.51141035141802
508601,0.07674790661168436
508602,0.286654082852536
508603,0.2620977111030842
508604,0.006007174776428027
508605,0.14042292663534206
508606,0.008288442458899285
508607,0.8983549670168568
508608,0.0023554319811318046
508609,0.00546620418930047
508610,0.016040468090694218
508611,0.15106103266508883
508612,0.8768945331088255
508613,0.4364081237889642
508614,0.0014420866969702042
508615,0.02896447885184461
508616,0.005068537121233286
508617,0.0011404925632572491
508618,0.03259221918791174
508619,0.002656693937156357
508620,0.0030899749638478528
508621,0.013425265579082347
508622,0.06466930717964434
508623,0.025723488253154705
508624,0.001831013382488423
508625,0.000742280348774304
508626,0.2789520202212786
508627,0.12139644956043522
508628,0.022559337883254774
508629,0.0341773431297101
508630,0.005981007729982257
508631,0.41397468425884115
508632,0.005136762269402465
508633,0.0018413243900312127
508634,0.015282623291955682
508635,0.042178621885574634
508636,0.005526686419442456
508637,0.018247786934871283
508638,0.06234767645928322
508639,0.0017723649356985475
508640,0.026679934231893663
508641,0.030858241507785596
508642,0.023678107329524113
508643,0.016023728254083342
508644,0.0094765653385126
508645,0.0029625625646080107
508646,0.053476167637744355
508647,0.036667657960409536
508648,0.047996200872346635
508649,0.022556224660310337
508650,0.16148967858164712
508651,0.03975698462082449
508652,0.8997122972896711
508653,0.001087987955370021
508654,0.016175401160069863
508655,0.01059495625368355
508656,0.0005849561538690288
508657,0.11088727019974555
508658,0.11293395399596502
508659,0.01833375656374444
508660,0.03427189726676028
508661,0.8900992387256262
508662,0.03888018402255781
508663,0.013115758417479305
508664,0.9935558923712484
508665,0.0626539484152094
508666,0.014627936779675887
508667,0.04693818428541502
508668,0.052307220878878874
508669,0.9093057265511411
508670,0.0004806956980304301
508671,0.0428911952956246
508672,0.27692476132306815
508673,0.05217110824163301
508674,0.08931133028236465
508675,0.2689010789756576
508676,0.04963937873287818
508677,0.7764838198126174
508678,0.03438626930853647
508679,0.007395312109627721
508680,0.032884179780573855
508681,0.598386927530545
508682,0.013685167269513276
508683,0.010619081055200423
508684,0.12102263666396844
508685,0.530501262717498
508686,0.8012339245510242
508687,0.0006713762760775299
508688,0.011823307131832017
508689,0.6814229522673753
508690,0.03727189385250222
508691,0.11967665148352262
508692,0.0014720341495802992
508693,0.008831700547132355
508694,0.07611245901070157
508695,0.0014129381068754988
508696,0.05719234796629303
508697,0.020375789244661813
508698,0.0666443497503033
508699,0.002731223314399184
508700,0.010487442821474466
508701,0.25097392131709134
508702,0.003074677759118864
508703,0.05114846228649953
508704,0.18299590948711245
508705,0.013686833120541421
508706,0.03690088429758494
508707,0.003803220041863127
508708,0.02740494337322994
508709,0.1328629715640305
508710,0.008754095498422482
508711,0.02056602406779423
508712,0.07464211337248816
508713,0.15735442178853679
508714,0.6864530360112849
508715,0.10393704963113154
508716,0.018491208645895874
508717,0.8324754165724397
508718,0.009987571862787304
508719,0.3150581892607624
508720,0.06603977951615729
508721,0.8893964462816636
508722,0.11239916118117199
508723,0.003979530387921091
508724,0.004567664473597031
508725,0.018944633057058728
508726,0.4857471754078539
508727,0.046305958362311
508728,0.0004499632857007314
508729,0.004920074917058526
508730,0.9020741854792694
508731,0.3317464385821381
508732,0.04939468466956067
508733,0.07444375129767401
508734,0.00034636219205251995
508735,0.009272932847342766
508736,0.017849258337844662
508737,0.023748593395422592
508738,0.15772862570295437
508739,0.0025337752416106024
508740,0.08131671754940997
508741,0.07742574906589801
508742,0.054003388994243555
508743,0.6770978799138648
508744,0.9548691221963038
508745,0.3128065155384028
508746,0.02362280402708578
508747,0.053756705150352704
508748,0.6039853916769583
508749,0.0036693246198488175
508750,0.028842552805442675
508751,0.0761214342641616
508752,0.02969907279132507
508753,0.017733599254183136
508754,0.0018327544115732946
508755,0.003330692306537414
508756,0.0030248311643961924
508757,0.27123498064482837
508758,0.0007571774368001213
508759,0.10306169815051465
508760,0.41466249913153835
508761,0.567194875865388
508762,0.00288327804053701
508763,0.019651506315517323
508764,0.01685780688995771
508765,0.04811780606070938
508766,0.01943947419878608
508767,0.009688867481191238
508768,0.014690361542668322
508769,0.09547105104663497
508770,0.00519560545452121
508771,0.0032903949481190497
508772,0.9598113611958237
508773,0.04546759973141407
508774,0.8620612520195353
508775,0.11126990280603809
508776,0.04433217195928141
508777,0.01717077363743487
508778,0.22277564776122208
508779,0.17342473164909952
508780,0.00456200044780592
508781,0.07125277855544433
508782,0.16160255650703495
508783,0.013795355320042453
508784,0.019015693087452924
508785,0.0032931528650943583
508786,0.6629237559071948
508787,0.0011431187768683902
508788,0.008401799411423338
508789,0.3189296729098175
508790,0.0019794977267007146
508791,0.9587778821073082
508792,0.5711128832053162
508793,0.04167846543354448
508794,0.0464434171700522
508795,0.1403587773529103
508796,0.5500589469524438
508797,0.04218681470169886
508798,0.012668250090187865
508799,0.6396425758956034
508800,0.0007313164291993898
508801,0.4181535011365866
508802,0.0010463285511997968
508803,0.02998728691552212
508804,0.018678352125559135
508805,0.5657714690057684
508806,0.028978244032325167
508807,0.06707555262210836
508808,0.005584344102545702
508809,0.000923112016248575
508810,0.013928634290771173
508811,0.27226240138232705
508812,0.02554793954371128
508813,0.0016466542002964752
508814,0.011987776939619
508815,0.029659871141223336
508816,0.013150071667274681
508817,0.034276114436553484
508818,0.5601523628507451
508819,0.8070697153299029
508820,0.022394615108381078
508821,0.0005967491915812652
508822,0.00039216845855419595
508823,0.2767534238605593
508824,0.10374818070895514
508825,0.2258355777471323
508826,0.018966601746994546
508827,0.0160518112181095
508828,0.0034591028625822876
508829,0.0009766575085068635
508830,0.037479923054985965
508831,0.10253166864349295
508832,0.016326322438742914
508833,0.01191056474996488
508834,0.018631667066749864
508835,0.02393724581827363
508836,0.003006741985508435
508837,0.14872280380181588
508838,0.04807225976361121
508839,0.9458180469451548
508840,0.08388865665702132
508841,0.0011077553121214144
508842,0.01764103579580988
508843,0.03159933061221668
508844,0.005294098067443877
508845,0.04597878928693473
508846,0.005928422215391657
508847,0.007603611018731467
508848,0.023080038740905372
508849,0.708997061854029
508850,0.06489513951748671
508851,0.012197209654883464
508852,0.012526258349368257
508853,0.028552698619289857
508854,0.3063752137412469
508855,0.0003611902864549738
508856,0.23517828774703145
508857,0.01570049744337606
508858,0.7285976197958582
508859,0.02272909031309878
508860,0.11317373690157433
508861,0.02445353640606694
508862,0.504975844048346
508863,0.0012621539565908493
508864,0.05057567407331609
508865,0.015188295486893245
508866,0.6996389037571135
508867,0.0009873130045881934
508868,0.04727830106717978
508869,0.004907496590889524
508870,0.00017627505868568328
508871,0.012124693160904865
508872,0.8159675152460509
508873,0.16607878983114435
508874,0.8726071163636444
508875,0.06408878667265155
508876,0.047798586287318374
508877,0.029995126989539943
508878,0.2581466234766468
508879,0.03775984786544829
508880,0.005688455029765028
508881,0.000493946300367046
508882,0.3075528942779011
508883,0.6523718534292183
508884,0.0003401438765670071
508885,0.009990029831401527
508886,0.050262726757440875
508887,0.22509820853623586
508888,0.016291445778428573
508889,0.07389694686977119
508890,0.0004299499631948866
508891,0.14107502222308516
508892,0.44889057105595753
508893,0.008808143542134404
508894,0.003306322971056547
508895,0.14637141709999008
508896,0.0016980459002404451
508897,0.9978918169253929
508898,0.06953796869642707
508899,0.0593457133993499
508900,0.005186445798379844
508901,0.20612328051781517
508902,0.9716881903937293
508903,0.0027513213024939536
508904,0.8716901357765309
508905,0.7809891796382141
508906,0.09996671009024931
508907,0.001982288335900498
508908,0.12662893173691525
508909,0.004786602122677782
508910,0.9703485047127167
508911,0.014978257568802635
508912,0.016425722499513684
508913,0.18354654647683966
508914,0.00031994163247680126
508915,0.11444243359395247
508916,0.9694955723220343
508917,0.2809613299343572
508918,0.0055535378731672806
508919,0.0035097458444257727
508920,0.0015484652042757458
508921,0.016731883094814815
508922,0.6561953838944032
508923,0.0022279608188126676
508924,0.07684694968581379
508925,0.006679626054960121
508926,0.04649546924747193
508927,0.10909790758487482
508928,0.41366063825339483
508929,0.3870365706062725
508930,0.16503617363078216
508931,0.7769880829751267
508932,0.005497852870668547
508933,0.884758910488282
508934,0.01246355370546901
508935,0.013839909065507373
508936,0.0035961461751422754
508937,0.9108516984264622
508938,0.11881238750346984
508939,0.3494771247175897
508940,0.08190039269392424
508941,0.09018992071397312
508942,0.023298628941173724
508943,0.24097860252806685
508944,0.002918776742880642
508945,0.0173021996439377
508946,0.8554573585597496
508947,0.001062762009494338
508948,0.5941483270030197
508949,0.026985594476639837
508950,0.01217731579910687
508951,0.49043625572371824
508952,0.009084813401902514
508953,0.06279196556092662
508954,0.03689399081792566
508955,0.12974499226067912
508956,0.05784797028672622
508957,0.03352152536389202
508958,0.0008398907420451528
508959,0.002050531394716486
508960,0.016149898018421024
508961,0.8956089430645122
508962,0.029663637431949608
508963,0.5076080177609179
508964,0.062389861993781486
508965,0.00020092490531652786
508966,0.039529450699397145
508967,0.07218416033467417
508968,0.8995183896097232
508969,0.3884290862705553
508970,0.0033489550457652443
508971,0.14649880627317766
508972,0.288580135348779
508973,0.9987823248977247
508974,0.0067857454367325
508975,0.002492998883780456
508976,0.09545981780442789
508977,0.33200543740220156
508978,0.11342917977211936
508979,0.022190399608260417
508980,0.05087585485134765
508981,0.010045917088126657
508982,0.04614956919594947
508983,0.028436537311945367
508984,0.08278009336060875
508985,0.01301944002580866
508986,0.11334347898136875
508987,0.04761537893675184
508988,0.07888599668747766
508989,0.006878924712970233
508990,0.0010331420818030534
508991,0.0004305084944779549
508992,0.07197365258619781
508993,0.17516405567779902
508994,0.0005145475728483376
508995,0.0068310995222342534
508996,0.1757738166603243
508997,0.0497145891401866
508998,0.1501142151299295
508999,0.7970095834500781
509000,0.1227908211956123
509001,0.1435034271733583
509002,0.028110733275607484
509003,0.0063079067039739705
509004,0.032218068979684475
509005,0.06797515723411017
509006,0.010589670123960213
509007,0.007830280245581779
509008,0.0014375959969000034
509009,0.5246790048668125
509010,0.08304452994051018
509011,0.0011603427177693162
509012,0.8758840361596577
509013,0.03793794993149094
509014,0.029629285916660635
509015,0.027033703371965503
509016,0.23202414717513484
509017,0.0642681655628843
509018,0.0014543002905902057
509019,0.2700281751128662
509020,0.21802228805513518
509021,0.34899760006478336
509022,0.02558337172926783
509023,0.3128744862353939
509024,0.8956232952004285
509025,0.0819331822047617
509026,0.026066455188160295
509027,0.0008088739672416689
509028,0.03435685659802505
509029,0.9771939204273409
509030,0.2520034800150307
509031,0.006571140491891349
509032,0.013441420220076916
509033,0.3086908642312331
509034,0.0500196827242141
509035,0.003308568007795873
509036,0.013270429185939441
509037,0.01060300977130747
509038,0.7469604087423837
509039,0.0022784308232501353
509040,0.0005731194897024462
509041,0.0050675462223672306
509042,0.15438410085220386
509043,0.35918501106269346
509044,0.009126476238705378
509045,0.0014911165263955955
509046,0.09062938978723441
509047,0.5880947952490658
509048,0.0018433684343715127
509049,0.1852764457550712
509050,0.775669470519681
509051,0.005681949325753617
509052,0.2441846109524494
509053,0.048926493035560285
509054,0.00044022382200139393
509055,0.0016227731703998083
509056,0.4901779717565913
509057,0.44274661156814477
509058,0.005573248045556791
509059,0.7026025466607895
509060,0.027401848110712345
509061,0.058055265975551336
509062,0.008523171803897927
509063,0.005520257255958593
509064,0.630049483154989
509065,0.1894483854347014
509066,0.011106127382398835
509067,0.1194797992473598
509068,0.6948537038133864
509069,0.01276681254954035
509070,0.06719160259325217
509071,0.039601888936044743
509072,0.05993149325038432
509073,0.0319838874432279
509074,0.04746694702205426
509075,0.0641368750781291
509076,0.05327066108030433
509077,0.016870939908717297
509078,0.42206513343044694
509079,0.023484344724039204
509080,0.495356588113302
509081,0.16534218192166034
509082,0.014334513536214347
509083,0.12147066708811417
509084,0.9092173528694495
509085,0.030121658238541182
509086,0.10028796479463735
509087,0.03577959816269044
509088,0.4122930454818104
509089,0.22755547919225927
509090,0.4476665922300239
509091,0.01238474613607587
509092,0.019682412803559354
509093,0.8630529912077968
509094,0.0027811349315735767
509095,0.005362669563005654
509096,0.008275686459272635
509097,0.5277851576108455
509098,0.030720322693772152
509099,0.0831493849191018
509100,0.009477892423246098
509101,0.9520637090968769
509102,0.18426681114976157
509103,0.004768876960424756
509104,0.029753695624091504
509105,0.0014318393144452355
509106,0.29844641495196705
509107,0.1803867537180175
509108,0.9983730698716212
509109,0.7878432960359564
509110,0.07353355618500064
509111,0.019751904468082847
509112,0.0045132829651540005
509113,0.02218702930434649
509114,0.2167734327673143
509115,0.0077229725233147585
509116,0.06133227996305797
509117,0.008125554341896463
509118,0.0045190114698941165
509119,0.016546916808419063
509120,0.2952340062204103
509121,0.08659737970449297
509122,0.08704052043409236
509123,0.1844468763575568
509124,0.30215185849977577
509125,0.0024688365564129867
509126,0.16283286247624876
509127,0.04210007015925974
509128,0.01695471515675911
509129,0.005124097304233878
509130,0.0037508275322919358
509131,0.02223006774443394
509132,0.3062232688474155
509133,0.045507629770493836
509134,0.011523440161989633
509135,0.006330446885281144
509136,0.0616021511527138
509137,0.0011713950985644957
509138,0.10823682359774364
509139,0.04869423086513461
509140,0.049246457379477665
509141,0.0012606561723728024
509142,0.013635884432638743
509143,0.07465268538393846
509144,0.001460309247358813
509145,0.03442505559265356
509146,0.03255868641903489
509147,0.002992219854671571
509148,0.1823391964805114
509149,0.005330583349245284
509150,0.0624368278427358
509151,0.16149694112979637
509152,0.04536113642379505
509153,0.000761385469027197
509154,0.037448442055657095
509155,0.27345318374795785
509156,0.6172848260440882
509157,0.7476684617465251
509158,0.9354703738203596
509159,0.001419061056750112
509160,0.2944863483346887
509161,0.0005014349964063096
509162,0.021925711532082927
509163,0.014979824048542
509164,0.018997380891623436
509165,0.011388915193458077
509166,0.0006102542123381125
509167,0.023618452585181016
509168,0.001444416986462863
509169,0.02873935817868957
509170,0.00026818526699458627
509171,0.0056423992476192335
509172,0.001443208582341846
509173,0.9970328056836276
509174,0.055262981303598024
509175,0.11027405880536395
509176,0.028034542425055875
509177,0.33208005933825935
509178,0.12347657202335817
509179,0.302888640391673
509180,0.02588787645573784
509181,0.36946706468360435
509182,0.009592683316683427
509183,0.022747279448953463
509184,0.0013813547347759812
509185,0.0782055622249155
509186,0.6435905234208238
509187,0.8329606636375755
509188,0.9684022088901632
509189,0.01913220076602668
509190,0.016983366935323752
509191,0.13761825120777793
509192,0.5989219121690048
509193,0.034723393053414396
509194,0.015257603028456945
509195,0.02539495404726028
509196,0.0018423355036681658
509197,0.016178415083007328
509198,0.31005339218097344
509199,0.04610001465832718
509200,0.07896414208292087
509201,0.024018144910323502
509202,0.0015512722944311479
509203,0.0673766628391025
509204,0.03769515783161611
509205,0.049035591232266064
509206,0.3048167540221772
509207,0.7596630179794538
509208,0.0014957312391573917
509209,0.011574858396290438
509210,0.025294625904732932
509211,0.02451403215513286
509212,0.2004326688081067
509213,0.007722538815445346
509214,0.03720667240667147
509215,0.2371723719221128
509216,0.005421634262288853
509217,0.02859478274861446
509218,0.014756195313393347
509219,0.005618842794849685
509220,0.0920964725118216
509221,0.9538532299291846
509222,0.0376385641290565
509223,0.1856346384155657
509224,0.167825364020834
509225,0.014126136215457434
509226,0.30414167010524445
509227,0.10346845087787476
509228,0.040299666496168896
509229,0.3182581003750988
509230,0.6164766981664032
509231,0.003234374884633271
509232,0.25937642157380797
509233,0.10289379672489732
509234,0.0070817777049456965
509235,0.6302277737073522
509236,0.03022168590632231
509237,0.757869988679528
509238,0.07124642419403256
509239,0.053617518245995616
509240,0.026843506367370665
509241,0.06518322294693271
509242,0.1382922844609844
509243,0.02235130582216579
509244,0.08306066399635384
509245,0.13649532310415302
509246,0.004719758400478482
509247,0.0148035483336029
509248,0.0024974429112496837
509249,0.01912492670423606
509250,0.006969362953899376
509251,0.16919582112137413
509252,0.0005459245308258666
509253,0.027468489620433648
509254,0.0017696594161832847
509255,0.4363923048894786
509256,0.03747982225638217
509257,0.4799142943046169
509258,0.0040272142650810295
509259,0.0963859649144142
509260,0.008503104188819938
509261,0.3805391156018445
509262,0.005965490081415487
509263,0.5807042676116821
509264,0.004761155135558661
509265,0.007448458245846338
509266,0.992674333641495
509267,0.2663574605252551
509268,0.07183413814257647
509269,0.23289931849074416
509270,0.5792407402575249
509271,0.3852262789094956
509272,0.5599040129127038
509273,0.11047174058121528
509274,0.0008021167201035067
509275,0.1431692901205723
509276,0.013319263952667424
509277,0.288909807422295
509278,0.2624653302954689
509279,0.12104087732550375
509280,0.03198067467184298
509281,0.991854871091702
509282,0.02620020992196967
509283,0.02157500112373691
509284,0.006269191091418415
509285,0.5061134265036658
509286,0.3810485985491565
509287,0.38265180310148933
509288,0.07178259843377653
509289,0.11152441751973914
509290,0.308465315562771
509291,0.0883287089919307
509292,0.8457059234873675
509293,0.0011977582754781931
509294,0.38626268219966037
509295,0.00934586064662193
509296,0.0008957463544265193
509297,0.2684385581984218
509298,9.609455680389468e-05
509299,0.11407809778360878
509300,0.6400522341622464
509301,0.2561081867135134
509302,0.07022986639149108
509303,0.0891607919538114
509304,0.0022528889207060147
509305,0.004838151390329445
509306,0.9304264431037704
509307,0.02298734421749716
509308,0.04796328306393158
509309,0.03851144254909912
509310,0.039283357752218376
509311,0.015541530023728834
509312,0.09887647151010875
509313,0.07148157798605978
509314,0.08456243065000563
509315,0.02001783172438141
509316,0.015864400025299773
509317,0.008125295563395682
509318,0.01103620176483686
509319,0.0008093765226252253
509320,0.0014939647134881498
509321,0.00884126602089439
509322,0.006884923572047167
509323,0.9127646047372691
509324,0.8829924607563804
509325,0.0015050971157685143
509326,0.040378888326054845
509327,0.4813727759473747
509328,0.08779169378218557
509329,0.0014032789021855294
509330,0.026244240573349047
509331,0.006926343707345351
509332,0.05132965201309905
509333,0.009207926693248963
509334,0.6641539601935427
509335,0.054955760805105655
509336,0.00435099679743111
509337,0.9969238437782851
509338,0.43573315559786013
509339,0.2458584402990039
509340,0.007895017970004109
509341,0.10949104870794574
509342,0.053135085853250615
509343,0.002714926711355035
509344,0.014418957938025008
509345,0.845999580475631
509346,0.009002643826328118
509347,0.10434357528229384
509348,0.14664070932152776
509349,0.09473947343053796
509350,0.6086241633137187
509351,0.8770342050936032
509352,0.02767307827805584
509353,0.0003971146446417898
509354,0.8938790765424214
509355,0.027224874124879103
509356,0.09391058582789505
509357,0.1117920799541788
509358,0.04004654055226464
509359,0.15773330170523753
509360,0.006547712485348542
509361,0.03740125640789802
509362,0.042464048631921825
509363,0.002621399834115273
509364,0.05678493544615214
509365,0.011367098798804286
509366,0.7382859388524563
509367,0.0076174907714657665
509368,0.0006178961093596706
509369,0.03495061421831506
509370,0.0004403104374825199
509371,0.0037008328050837877
509372,0.0019432679767309594
509373,0.013208658421571928
509374,0.027032310430185214
509375,0.08012765644674236
509376,0.07560534799652976
509377,0.05032784530313839
509378,0.028026062407118024
509379,0.05489517236754774
509380,0.3625910293731826
509381,0.010062012812613874
509382,0.009003609222868372
509383,0.0019138796794571757
509384,0.019186993956768043
509385,0.007156350182028271
509386,0.030172792547709805
509387,0.004468224214511411
509388,0.0364222237352801
509389,0.22827628597580937
509390,0.023094056320186948
509391,0.002511885328273859
509392,0.4142876635596215
509393,0.6262965492625133
509394,0.00043691524503941217
509395,0.07972759301600148
509396,0.0191417561450517
509397,0.004191543170810446
509398,0.006603353083465901
509399,0.015888401390474215
509400,0.04330859580147282
509401,0.004473916063559313
509402,0.02600420535449558
509403,0.14690355121026397
509404,0.2867760255918009
509405,0.016185264527914366
509406,0.012435190479318316
509407,0.7397489894713329
509408,0.013459717769561688
509409,0.020639446587003455
509410,0.7153717835672441
509411,0.6172591902462821
509412,0.2869346359093857
509413,0.4988873909307953
509414,0.2677478181206152
509415,0.29128176067809225
509416,0.00043911896988360686
509417,0.9108546885741414
509418,0.008776239805715846
509419,0.3727986794940589
509420,0.5141410601833191
509421,0.07676839885578814
509422,0.0015498678863257688
509423,0.5810984484362103
509424,0.0474838842621761
509425,0.015746017839612644
509426,0.09290088846982139
509427,0.2087691109027564
509428,0.03649664942447964
509429,0.32513607537533407
509430,0.050977822984649465
509431,0.7112500402776447
509432,0.003232363149144256
509433,0.2903760390408739
509434,0.0028483580272326684
509435,0.10735891042263362
509436,0.26463225284396963
509437,0.9886758430032271
509438,0.002608058286825637
509439,0.5692687608021213
509440,0.644622534089913
509441,0.11007094412538578
509442,0.1383770536774633
509443,0.2666498552883661
509444,0.0025115319645953632
509445,0.009806448538658436
509446,0.0036243177068879012
509447,0.006804194085115527
509448,0.0008846808146543884
509449,0.0045529668831428075
509450,0.3043698374175796
509451,0.15171581930980552
509452,0.018333598798740268
509453,0.0010668738103734368
509454,0.08723857621909568
509455,0.8140254956834015
509456,0.19337416603951021
509457,0.01314328400278653
509458,0.8060920337630825
509459,0.15553682339569538
509460,0.32018856016201147
509461,0.004504202937651493
509462,0.07184883417384424
509463,0.08019073584029608
509464,0.0014477434681118603
509465,0.028991091978420633
509466,0.37046976079348004
509467,0.00643106200656193
509468,0.016254981968202954
509469,0.0072170392421258365
509470,0.008263756230085037
509471,0.018282918738779682
509472,0.9560661119732865
509473,0.07181744215380988
509474,0.0029234391161827317
509475,0.0206864448797221
509476,0.3335474112754247
509477,0.0178613151831409
509478,0.0004971588899809756
509479,0.09334556072904324
509480,0.23866871175144078
509481,0.05872932096363068
509482,0.024210842071396503
509483,0.18922377643201063
509484,0.17922269069751326
509485,0.032495900425898186
509486,0.06191273155491232
509487,0.002677687012108491
509488,0.021884785411695654
509489,0.10646037237414852
509490,0.5597201062199363
509491,0.031411212950304905
509492,0.3061056242820989
509493,0.024178542706688903
509494,0.9823936976786085
509495,0.13736760823079253
509496,0.004874722468094273
509497,0.007495422812400999
509498,0.002164973135065212
509499,0.004136934712100774
509500,0.1520704126012655
509501,0.0007268299524214086
509502,0.041127656917508415
509503,0.034664598440649175
509504,0.08173237977556
509505,0.000789105595370003
509506,0.38219425213618735
509507,0.0005549270970267833
509508,0.6218882810455547
509509,0.0378074832077217
509510,0.000540696651386229
509511,0.7530432137545269
509512,0.015163712757927461
509513,0.003981330748145887
509514,0.0017985447991942266
509515,0.644145193674321
509516,0.041211176414046945
509517,0.4349371911707902
509518,0.09002682006883769
509519,0.05637360315874989
509520,0.02685770684670396
509521,0.15533094847732792
509522,0.006611411472635561
509523,0.004080943865016973
509524,0.03608703084504352
509525,0.1502544548160963
509526,0.0035143695607741
509527,0.004189828614009205
509528,0.7659695697380128
509529,0.02641867002962255
509530,0.002280987630672631
509531,0.010213178453039078
509532,0.8205124936446346
509533,0.7854719115464802
509534,0.006863774008634084
509535,0.050340886303772495
509536,0.034555835593417815
509537,0.9987788167876667
509538,0.021430760501744844
509539,0.0013367071322523615
509540,0.09269003867633414
509541,0.011702801688859626
509542,0.17857607831675504
509543,0.06460457003412644
509544,0.7786647367948711
509545,0.38803345133969863
509546,0.059032715628214355
509547,0.06959093918357177
509548,0.26013560764330246
509549,0.33868534961156266
509550,0.0018581310175784865
509551,0.4022777129889408
509552,0.013437261975701473
509553,0.6996265911646374
509554,0.0054852877263268625
509555,0.7346698397394558
509556,0.9780135332470223
509557,0.21040700602117982
509558,0.9636295626330383
509559,0.8992779301123337
509560,0.17143991098764316
509561,0.18608291651380982
509562,0.4664097013218276
509563,0.04441489136773342
509564,0.006393651102293313
509565,0.9911052812659589
509566,0.004906341036212739
509567,0.0006280407005225091
509568,0.053617325068918385
509569,0.43134163903096756
509570,0.043054038075172156
509571,0.009778653835487308
509572,0.8363246699380429
509573,0.080741297755298
509574,0.10912068953918948
509575,0.016264079514321524
509576,0.012362947289283208
509577,0.7444006369408886
509578,0.01189751590688847
509579,0.01343530377963113
509580,0.9147092896826353
509581,0.026518418736122828
509582,0.004656739784764594
509583,0.020874143266876245
509584,0.14757440863305943
509585,0.3954522009126384
509586,0.0002777221932367967
509587,0.0017768762182186924
509588,0.058458598697623446
509589,0.251773088296818
509590,0.720494227843571
509591,0.8924882859879779
509592,0.04847147227577317
509593,0.03546767930508418
509594,0.007470676329824414
509595,0.018230340391961385
509596,0.011822922021757751
509597,0.0015503894236257986
509598,0.0019725043165696775
509599,0.8657785802519826
509600,0.08276357389462097
509601,0.08784851299406898
509602,0.8709651714300048
509603,0.44097540819698744
509604,0.8940696453405086
509605,0.8118171129426918
509606,0.15872111087043989
509607,0.007905742250413884
509608,0.08220723664930149
509609,0.12873611934988965
509610,0.2807481391916133
509611,0.0009075830342915428
509612,0.9906487639190603
509613,0.6087252551074758
509614,0.009393727486506197
509615,0.19254309089082886
509616,0.005377864490563409
509617,0.5797460814045097
509618,0.0013462183645887207
509619,0.014260547407779264
509620,0.0325685024458494
509621,0.10795766024843
509622,0.965310631529349
509623,0.01345378473433208
509624,0.0024402130682124093
509625,0.009637946900697874
509626,0.03417369531942904
509627,0.4405865359355713
509628,0.3644799086663872
509629,0.06981058408281238
509630,0.035181327640777124
509631,0.017809078517418517
509632,0.29242424705226305
509633,0.013359091190467758
509634,0.7246567486676351
509635,0.10220994934343487
509636,0.03777150866277989
509637,0.062483344841291304
509638,0.01685846435758034
509639,0.31219659657839455
509640,0.0022388986812772855
509641,0.01838069109635008
509642,0.6891897547096792
509643,0.015144244034864286
509644,0.04393125347905083
509645,0.005546966278652938
509646,0.000357465454314137
509647,0.01249918375951582
509648,0.004040399398777108
509649,0.6963407273726301
509650,0.0007026360836624123
509651,0.07332277242802722
509652,0.11693731629023295
509653,0.06173889975836745
509654,0.12818160681100868
509655,0.032410617140434854
509656,0.002848342264987578
509657,0.1892466122841499
509658,0.4008413350793755
509659,0.049081946118450674
509660,0.036643308992063854
509661,0.7072897653882863
509662,0.0889977129126125
509663,0.0011497853660517397
509664,0.07008020053536194
509665,0.01649734278665002
509666,0.010085476288172109
509667,0.04988445598982343
509668,0.044393867817645406
509669,0.553099610391343
509670,0.0010584933224931394
509671,0.15758366537952045
509672,0.008135366078329848
509673,0.0010866217961193567
509674,0.1544793147092017
509675,0.002735838863767867
509676,0.3461758580477578
509677,0.02030223930026985
509678,0.1009307363252075
509679,0.016104869811978416
509680,0.011400988469623051
509681,0.05168165936297506
509682,0.02910625721258045
509683,0.7486469762981314
509684,0.0010698474255336138
509685,0.033073839385161244
509686,0.02019949628421131
509687,0.05792094598284389
509688,0.03393941864372043
509689,0.4899004556768909
509690,0.023181965493456056
509691,0.0007831477397447007
509692,0.5720824045220252
509693,0.005751582004566372
509694,0.03406727921661306
509695,0.025680291084016954
509696,0.6863075944189954
509697,0.022514282901333324
509698,0.16635213534912713
509699,0.000409728043060223
509700,0.008129021256461814
509701,0.24788673523489127
509702,0.0589282027522432
509703,0.550809678422664
509704,0.01811374254045125
509705,0.004039888235741134
509706,0.012325263807713926
509707,0.04102793785328198
509708,0.03049987098082326
509709,0.0012308504645636572
509710,0.0522408080617112
509711,0.994842929679884
509712,0.15821992590697612
509713,0.03478577652385716
509714,0.34503842233160353
509715,0.06791186381706547
509716,0.010681527292761069
509717,0.055625596968843796
509718,0.3781010474686978
509719,0.04196664697647276
509720,0.11271025647783318
509721,0.06051160412601659
509722,0.014869218698887772
509723,0.16229395656168133
509724,0.23156621391150672
509725,0.13503458064492335
509726,0.9285599685079661
509727,0.11339350989281517
509728,0.044586626501524666
509729,0.03939081199608897
509730,0.0019060520543792748
509731,0.12587273638412547
509732,0.2854323581676739
509733,0.16459623853147198
509734,0.004676787993980352
509735,0.016704704498588897
509736,0.00965657215867712
509737,0.07196081766014029
509738,0.004098173363339907
509739,0.6968466932691052
509740,0.4998611887837588
509741,0.5737072924585201
509742,0.9690441587691191
509743,0.4812108235028807
509744,0.09574894439420915
509745,0.02457624339115466
509746,0.08324556787843966
509747,0.1914808951591541
509748,0.11648532489522495
509749,0.0007861404258919482
509750,0.9475321833224397
509751,0.1501069441834196
509752,0.0025679674978519008
509753,0.9473694410827066
509754,0.38184223225316777
509755,0.1419772980091469
509756,0.020991717153987254
509757,0.12708711857640367
509758,0.10903207576171328
509759,0.19274303043466787
509760,0.057410845537732604
509761,0.5640480173023994
509762,0.4804099560017741
509763,0.030341428654080526
509764,0.06742515176333538
509765,0.006314276332671781
509766,0.006659530507266323
509767,0.010045765552926321
509768,0.541399539035641
509769,0.2150906651965197
509770,0.6890211757748267
509771,0.020879181036824485
509772,0.06322134294422159
509773,0.0669295693505368
509774,0.006610178039425942
509775,0.0047027442700571425
509776,0.0007197819985783157
509777,0.4891156706534032
509778,0.02151066517769038
509779,0.10402773393308223
509780,0.0970771776288479
509781,0.1376808759747803
509782,0.06273651544085619
509783,0.3310878654615865
509784,0.010716047753916902
509785,0.5305093661388254
509786,0.00855412048657952
509787,0.008750996502137736
509788,0.0028618139043596466
509789,0.04318099729313261
509790,0.004185629760194146
509791,0.00614417101738375
509792,0.007857963783942108
509793,0.045975675618686436
509794,0.9793419606328534
509795,0.10524970247338493
509796,0.003979914384774411
509797,0.03707188240838353
509798,0.004432647499761004
509799,0.3056964758335868
509800,0.6697237918410839
509801,0.009201767483138591
509802,0.09924134408401503
509803,0.006243715740914644
509804,0.0027433721339840873
509805,0.0030972830888863884
509806,0.0041455773315840876
509807,0.3923092704129955
509808,0.0475603423992874
509809,0.12663549850225927
509810,0.14572661767754225
509811,0.0152023014865467
509812,0.8267342042456158
509813,0.01665405424904915
509814,0.7317822382874932
509815,0.05091019788201677
509816,0.013230487959904115
509817,0.25061339607271127
509818,0.0009352524650100364
509819,0.6829457792670394
509820,0.001642105748604008
509821,0.5510041211229907
509822,0.039955155317083116
509823,0.027575525323303953
509824,0.007277277736422541
509825,0.008503558342645353
509826,0.03702851660587815
509827,0.027065094448771927
509828,0.014833782529647836
509829,0.0319264043514903
509830,0.08662505617759877
509831,0.7722488186571405
509832,0.022902491897880656
509833,0.04816930271744962
509834,0.04049398798618527
509835,0.7219600281017824
509836,0.06266122019073805
509837,0.9014858074088747
509838,0.6185528665716579
509839,0.07977422838170567
509840,0.014388013671240839
509841,0.8953884292825436
509842,0.06535160562710585
509843,0.001344318869949658
509844,0.19308081172457173
509845,0.031609539275436395
509846,0.3306125263994408
509847,0.061259831063054056
509848,0.000928953469691794
509849,0.1854551521208028
509850,0.0011882813151500382
509851,0.0008146321517541905
509852,0.26200825765842745
509853,0.018194218150241113
509854,0.016563133755498605
509855,0.24617480592367733
509856,0.4083545732895593
509857,0.01849336226133422
509858,0.58050592406555
509859,0.11225466792802616
509860,0.010041820647532698
509861,0.014415070725584823
509862,0.07233452976102522
509863,0.2628174365204546
509864,0.009126540730118602
509865,0.5255603403244579
509866,0.19187782208023169
509867,0.0011986856768808618
509868,0.0027384636618943887
509869,0.01033373251957857
509870,0.21642370315392814
509871,0.6532130838613555
509872,0.0409536773868119
509873,0.0003851096462081482
509874,0.11876426824892825
509875,0.19166834456604867
509876,0.05039981399917287
509877,0.005959305867027031
509878,0.9270435446056985
509879,0.01614231523406722
509880,0.057856016483814277
509881,0.0029882222750370036
509882,0.7986240439069067
509883,0.04169353503086944
509884,0.01382304971854732
509885,0.003121992860868915
509886,0.1186204075378577
509887,0.07148647251095692
509888,0.3298983450721395
509889,0.035466386640158214
509890,0.03369555116951977
509891,0.021753502977691436
509892,0.14934317165929692
509893,0.0012018725496385013
509894,0.1628033650899524
509895,0.0020032642497480836
509896,0.01968673058923485
509897,0.919100576918734
509898,0.0043012617671131315
509899,0.01966895821203788
509900,0.7856671827666264
509901,0.7199694034923475
509902,0.0017163411944014697
509903,0.10566398204717344
509904,0.0026171851156367144
509905,0.13036494176172397
509906,0.13009939891786101
509907,0.2240192031199201
509908,0.2418725773074836
509909,0.5308641342524383
509910,0.0879248910113483
509911,0.03670777883518658
509912,0.233008056137819
509913,0.11502268201720396
509914,0.1306039121045742
509915,0.07670066440525262
509916,0.010527790597790167
509917,0.012215412601506001
509918,0.042478147998416406
509919,0.0012439636403192519
509920,0.20693958181009794
509921,0.047194655278210235
509922,0.09636360121909975
509923,0.0015550094894220493
509924,0.4314178608035214
509925,0.0032714005394084036
509926,0.5534958698342883
509927,0.02262053214879324
509928,0.857434339572268
509929,0.008198816965217865
509930,0.04797708978518913
509931,0.011094042968902623
509932,0.11631698683226988
509933,0.18963358277970754
509934,0.0009177960672560336
509935,0.0026711934847504833
509936,0.26904130993766584
509937,0.36733886419761047
509938,0.012873020793643457
509939,0.059223236234657105
509940,0.0003451622756260351
509941,0.9208170403774519
509942,0.018530343366268392
509943,0.001083269451593544
509944,0.0011556250185388044
509945,0.05363572007830499
509946,0.0009583867863898667
509947,0.05395055140256708
509948,0.037068421792474784
509949,0.005619736267002442
509950,0.25134720120943127
509951,0.024640681264946233
509952,0.40722677582170796
509953,0.0897075668573579
509954,0.06258561061906023
509955,0.1820309697264209
509956,0.4302123289849799
509957,0.41756757705973957
509958,0.08842128728885322
509959,0.13146335931098946
509960,0.03015967782346308
509961,0.2333823413448255
509962,0.09317493720156095
509963,0.09063717271204484
509964,0.0036300018016530286
509965,0.0663789343287638
509966,0.004422341476591173
509967,0.046324872622588616
509968,0.00028513801683621514
509969,0.033979946788942735
509970,0.9952929743473937
509971,0.0069552355380534565
509972,0.6982203422319098
509973,0.34788231211213216
509974,0.0910144161895771
509975,0.01437874703242689
509976,0.5746904292291711
509977,0.8582631271340802
509978,0.005332434400225309
509979,0.00600925427544256
509980,0.03339433813167946
509981,0.43697935098070845
509982,0.543539187486672
509983,0.04682342456950237
509984,0.1781107360384538
509985,0.041101773542155565
509986,0.003555909550581828
509987,0.15869144509927746
509988,0.05152373783953765
509989,0.6523731904418106
509990,0.004789884745760994
509991,0.0006626511496788093
509992,0.37162014972867435
509993,0.013124348377172166
509994,0.08152259459995277
509995,0.013149509255377192
509996,0.10954710065303908
509997,0.009803053270728265
509998,0.03665403538710268
509999,0.0012503000777528098
510000,0.3762286277339451
510001,0.11608749752533508
510002,0.000284676268152343
510003,0.7719464072666955
510004,0.7390550492290652
510005,0.9483577381484527
510006,0.031215208074189323
510007,0.007053861756008167
510008,0.06540431831525097
510009,0.01590804368145876
510010,0.002285667445694979
510011,0.7735982016724675
510012,0.1328795929972119
510013,0.9672478042929219
510014,0.04524520853634518
510015,0.001052335230386444
510016,0.012891366819684497
510017,0.010720917320045934
510018,0.8711043383944362
510019,0.0010058511689713565
510020,0.0005244597298488922
510021,0.0052857393793158255
510022,0.005437609407060978
510023,0.007934892773883115
510024,0.001803543073296491
510025,0.8744202629397
510026,0.0005139862378888654
510027,0.005838722997843751
510028,0.0068529494898559515
510029,0.0017852004896247635
510030,0.013943406178358273
510031,0.03942232303434422
510032,0.00046309005281717114
510033,0.8930066654454255
510034,0.046420208582058524
510035,0.016028107721267677
510036,0.10806836799928367
510037,0.03431136316029181
510038,0.013491582390210215
510039,0.060482423310554895
510040,0.41446929731330795
510041,0.15959223561883126
510042,0.2313144853762257
510043,0.03769203132697316
510044,0.0016433074421584569
510045,0.02762551969949676
510046,0.5686088745881699
510047,0.4479953589773344
510048,0.06812357741741659
510049,0.016919459669036633
510050,0.0014619222374978099
510051,0.048620426751850104
510052,0.9077078586260747
510053,0.04494274525084093
510054,0.01215548850107253
510055,0.008414570447083073
510056,0.06292250000700023
510057,0.10412349723900415
510058,0.5457303226998034
510059,0.008767403405662344
510060,0.0021250780627074077
510061,0.9493683529493063
510062,0.0523131337548487
510063,0.00035879096398789797
510064,0.017041106131090018
510065,0.9648326083222489
510066,0.04339140757580257
510067,0.9992386918990355
510068,0.01940350866434513
510069,0.001641685036364719
510070,0.008543737326611239
510071,0.013259044730891375
510072,0.013298745521580254
510073,0.7103242185404003
510074,0.019572909074303643
510075,0.07110283956566854
510076,0.975626724714026
510077,0.19175540080679954
510078,0.03898457423593565
510079,0.13660530607377686
510080,0.5622307500955911
510081,0.005851109637513758
510082,0.031054474433833405
510083,0.05000531685847753
510084,0.0679153869932684
510085,0.02712099355817452
510086,0.0012410034660953787
510087,0.0020543675056487235
510088,0.0035788391204608083
510089,0.015682035569002713
510090,0.11041925738909239
510091,0.016324497189881344
510092,0.004876948516972839
510093,0.6596606622308894
510094,0.507697213584733
510095,0.29712733260205726
510096,0.04184657620989275
510097,0.013998944287407248
510098,0.03385301589910547
510099,0.0007965999553494973
510100,0.0003363362040578732
510101,0.6667478582345508
510102,0.7358451914645189
510103,0.019761453493850282
510104,0.8904153005163395
510105,0.0002962061306077614
510106,0.026293641575505677
510107,0.005867907026895619
510108,0.3917534790977218
510109,0.6516106157901522
510110,0.8030787157338942
510111,0.006743029466352501
510112,0.006127909841544414
510113,0.021455355917860734
510114,0.2521610322417601
510115,0.032559526798917555
510116,0.023301155812275067
510117,0.01148740309000114
510118,0.00789980720152547
510119,0.29171544179028075
510120,0.010305949293825964
510121,0.9595684301439954
510122,0.9855706045267247
510123,0.6261209551871922
510124,0.9908160218693678
510125,0.19250842139364702
510126,0.010558618182746008
510127,0.0007457909919240711
510128,0.0076985330074066235
510129,0.018766112212998592
510130,0.9383288010014117
510131,0.010271602552596262
510132,0.20590614872064766
510133,0.035922214869427475
510134,0.8472190638228275
510135,0.0005660817682685146
510136,0.20226172285840405
510137,0.09906515933679544
510138,0.012752836578506878
510139,0.8836184574855743
510140,0.5780965898101778
510141,0.026212857654400457
510142,0.9968239435714115
510143,0.0007655671785526118
510144,0.003345134450731289
510145,0.36403400458372054
510146,0.01604198091737947
510147,0.0017474211345104593
510148,0.0153958894636056
510149,0.6555550286427592
510150,0.04368958632842852
510151,0.036502772279365145
510152,0.22689748459711948
510153,0.006568583676806087
510154,0.03269267799913629
510155,0.008591703451367488
510156,0.039342746771261934
510157,0.817313063084658
510158,0.4070640067320768
510159,0.018122132610646585
510160,0.0594644719029579
510161,0.0006404757329747441
510162,0.6313490783938733
510163,0.00035900486745512976
510164,0.22606565861827033
510165,0.008688369005943811
510166,0.08095887061007057
510167,0.0005983417208927441
510168,0.03958730472360841
510169,0.07667979502126013
510170,0.03292404279467075
510171,0.04925768155678618
510172,0.01774526113114457
510173,0.07582382703968593
510174,0.0004369925022234325
510175,0.03802965557723529
510176,0.0013776878062678607
510177,0.9224543233587179
510178,0.12699126165583355
510179,0.7076188759146821
510180,0.048483864266730126
510181,0.022284015079577165
510182,0.004038143635211834
510183,0.002766716343634371
510184,0.7162676550458681
510185,0.11302424574481637
510186,0.25607312000666393
510187,0.2990419890588935
510188,0.8209375713584873
510189,0.8345245684274558
510190,0.12776245388519042
510191,0.023690545714741048
510192,0.03788267855338523
510193,0.0010982644653955618
510194,0.017221054582918106
510195,0.10041191214678165
510196,0.029585964855904368
510197,0.95592414860341
510198,0.30445975483887144
510199,0.4050781489176117
510200,0.006421528974359837
510201,0.36198330101273424
510202,0.04227804843527812
510203,0.054537540732707
510204,0.03507354778508271
510205,0.20182048213406134
510206,0.0005551723922034232
510207,0.020188359919623134
510208,0.8717918397400843
510209,0.6981844719665046
510210,0.9823170806401116
510211,0.07427322244250609
510212,0.0100020951759268
510213,0.0028567704171287033
510214,0.03117849867686929
510215,0.008731196218291312
510216,0.049218278534047935
510217,0.022546291278358575
510218,0.030101254812601005
510219,0.01173270554742728
510220,0.07128204282055377
510221,0.43835027829858453
510222,0.030232320070816405
510223,0.01025734907507033
510224,0.01480620419509941
510225,0.6847177162732303
510226,0.16927216477177992
510227,0.027397441750904562
510228,0.0003117282703507566
510229,0.011388423570275431
510230,0.0010237799316971871
510231,0.5577199104693045
510232,0.00041800187067645285
510233,0.2638652823837547
510234,0.30467498908047774
510235,0.009686076927593825
510236,0.07205876740372466
510237,0.0016314169402776152
510238,0.8887966994659754
510239,0.12559505448448352
510240,0.11893845669306939
510241,0.01065097663291395
510242,0.0035235404600647336
510243,0.2953862480359192
510244,0.09399995063796028
510245,0.14561768871431638
510246,0.05379591579387113
510247,0.01780030435466125
510248,0.006592511806669613
510249,0.5688689409462148
510250,0.0521442679416252
510251,0.1067059820584381
510252,0.0742423801197113
510253,0.023980629686553602
510254,0.11610501286967168
510255,0.16120050694068994
510256,0.8295122266034868
510257,0.08360674610149539
510258,0.0010580044290519845
510259,0.14342690693674415
510260,0.020038549220561516
510261,0.005086352360584169
510262,0.010301446406365362
510263,0.6193630107138202
510264,0.0022409121905608083
510265,0.011454598897701474
510266,0.02073358739101969
510267,0.1719504005663027
510268,0.020632642354741413
510269,0.023864882461775837
510270,0.037030349918442104
510271,0.14521421181335312
510272,0.05238779803892264
510273,0.014437621505931201
510274,0.23818014410853616
510275,0.4329418780125165
510276,0.0035860986052145974
510277,0.0641286217418396
510278,0.08154109177265978
510279,0.019045716087245028
510280,0.03889991390413472
510281,0.45570878856245967
510282,0.20505870747490754
510283,0.0033118911576697674
510284,0.021220122343036472
510285,0.2861886722016982
510286,0.05145465262422139
510287,0.9419108490659441
510288,0.26376114458493954
510289,0.9047831086836339
510290,0.024759812497431713
510291,0.5687320900681162
510292,0.07790731322653532
510293,0.0032768215495768377
510294,0.500619793553713
510295,0.38607368708746836
510296,0.03977089858298385
510297,0.020639205221635717
510298,0.0012501193558273704
510299,0.22223287854523102
510300,0.0033176835385382874
510301,0.0325022938285203
510302,0.008945546176652983
510303,0.004152215071939023
510304,0.02489885057601827
510305,0.09506679691325828
510306,0.5495450376808299
510307,0.6823158948517581
510308,0.08534731419780402
510309,0.0093738646388877
510310,0.012878787106636938
510311,0.0052994331604663955
510312,0.28258302859214063
510313,0.7311782187370391
510314,0.010878189211072755
510315,0.0072856689453099045
510316,0.002032877288725957
510317,0.0064683243507778244
510318,0.3850930625944713
510319,0.16516004256743747
510320,0.024044375681682488
510321,0.06768948684441418
510322,0.4230989473668029
510323,0.000994073574100249
510324,0.003454996823597675
510325,0.0036397337022324285
510326,0.006829204834882609
510327,0.09492400993193817
510328,0.09573958071649045
510329,0.9209868356018636
510330,0.029154057991199973
510331,0.4236099344147919
510332,0.03243234218495181
510333,0.0022145151032566695
510334,0.08869403188427223
510335,0.002598780839332287
510336,0.000349140175166424
510337,0.7045949442863118
510338,0.34382764629368107
510339,0.1843004229211611
510340,0.0005716133759381474
510341,0.011805222739045558
510342,0.34677561405497037
510343,0.10923596080631251
510344,0.00601018288163774
510345,0.5380023504221157
510346,0.2770928148240017
510347,0.7571075010990527
510348,0.007558326220690872
510349,0.01337453687048699
510350,0.9558310885902068
510351,0.22409808687062976
510352,0.8672625494014277
510353,0.7039469194155772
510354,0.01103912429794463
510355,0.05478608422375394
510356,0.9958055663163763
510357,0.02053428817140513
510358,0.06938122335933669
510359,0.005796401705477822
510360,0.007204748546003636
510361,0.0025339585933175377
510362,0.0002267696959467715
510363,0.2839473798656176
510364,0.7870538757495149
510365,0.01344236408055214
510366,0.004933958354064021
510367,0.18291037206165267
510368,0.08294362137225399
510369,0.01600568833969991
510370,0.009327367788714035
510371,0.09149354975626549
510372,0.16037334478880608
510373,0.7820141809085002
510374,0.9350763544830931
510375,0.09792458886835763
510376,0.04914025657593885
510377,0.03722935610232834
510378,0.02257326490539484
510379,0.013669395445331455
510380,0.015912435507146733
510381,0.8520626630609306
510382,0.1810120557132887
510383,0.3119300042267608
510384,0.01114691135769746
510385,0.0029986121903581996
510386,0.09112780364424276
510387,0.7684424395737672
510388,0.3532681705262194
510389,0.0012511663019287521
510390,0.0035946508627636756
510391,0.01216277799519699
510392,0.028470705744730065
510393,0.5732207070173243
510394,0.0688691426932113
510395,0.47532043421667847
510396,0.278267839339099
510397,0.036129403187944505
510398,0.008493810557713841
510399,0.034217688753761924
510400,0.14471179132898257
510401,0.2913756066067248
510402,0.5443478064874508
510403,0.0018059813340422963
510404,0.5176249357461179
510405,0.0006687253949987434
510406,0.23835696774250253
510407,0.015000001024940235
510408,0.24107110768408666
510409,0.0010135726143564647
510410,0.04103099428537374
510411,0.3854139098046969
510412,0.002348974988778393
510413,0.06641770324908045
510414,0.0014082312960983104
510415,0.051742475246121473
510416,0.0044930830194403
510417,0.03022775908849789
510418,0.19528232598315448
510419,0.6885455495105147
510420,0.47643858928146404
510421,0.016323492948059137
510422,0.03171102004597785
510423,0.1400905425275126
510424,0.11889332043737277
510425,0.018302847000987162
510426,0.002470034153922723
510427,0.10762888251688177
510428,0.01773801953201261
510429,0.1671267434762166
510430,0.18497076336153978
510431,0.001353501390498258
510432,0.8999978086900272
510433,0.00038678354035486017
510434,0.10440843814673378
510435,0.635277034006688
510436,0.06674715003956062
510437,0.18643242698437693
510438,0.5768220577998943
510439,0.18139514533793186
510440,0.21937720827786023
510441,0.102939492098843
510442,0.05820438707028077
510443,0.0930437790814312
510444,0.0028572199767080203
510445,0.28658699520657294
510446,0.8337300062185484
510447,0.047665085717476394
510448,0.011649002582534663
510449,0.005833539704541909
510450,0.02244282085163999
510451,0.03615228761232388
510452,0.008132476064988903
510453,0.04453506593190529
510454,0.051728685879170434
510455,0.0478725087602809
510456,0.00950712072330921
510457,0.1788169826666847
510458,0.11144826264305979
510459,0.006883785429534662
510460,0.8304044131082414
510461,0.6470015608145079
510462,0.21456642689884517
510463,0.00042799723969702503
510464,0.005465112832631961
510465,0.9763840645855563
510466,0.043356855423313634
510467,0.0011075314492748273
510468,0.6821234335595431
510469,0.021127105225888426
510470,0.17252448682917493
510471,0.0016272860237123992
510472,0.0029932184008930477
510473,0.15863818628523207
510474,0.0016535727196718625
510475,0.04225552739285626
510476,0.030233504475272673
510477,0.004932667695766629
510478,0.0163380009481723
510479,0.9772396579988066
510480,0.9731459679224868
510481,0.0008554171410960279
510482,0.3775581428122043
510483,0.005959612804457061
510484,0.010471261940807646
510485,0.0005620079976174193
510486,0.3426543716246938
510487,0.0048451950800460965
510488,0.7190977468892262
510489,0.055733654843814186
510490,0.008705358753672624
510491,0.013335574383626364
510492,0.0014775844327344215
510493,0.4609736086363384
510494,0.552455438944854
510495,0.03413420412943729
510496,0.008719266542973765
510497,0.046127700669445666
510498,0.2651776905708289
510499,0.013186839293841937
510500,0.1384246052117875
510501,0.0029726479819860313
510502,0.22150605326829623
510503,0.03330219420818115
510504,0.42793342488466085
510505,0.06251515368063769
510506,0.7014203776363603
510507,0.16111915581332514
510508,0.025299862369286955
510509,0.005742582247508341
510510,0.4312194900021443
510511,0.05301513983587118
510512,0.02325915093789984
510513,0.27473730731505336
510514,0.007684691847726014
510515,0.09756203093978942
510516,0.019914636896373974
510517,0.03466771938285611
510518,0.4942643941978854
510519,0.009582940160073798
510520,0.01323337503083421
510521,0.10773869243108851
510522,0.004516246457870579
510523,0.03373759371195848
510524,0.21606689876802201
510525,0.0005510980523602767
510526,0.0005416469740629808
510527,0.2825592926149238
510528,0.004924802314361197
510529,0.19894686047452398
510530,0.005300466070480564
510531,0.4084401896054932
510532,0.0070069857335354965
510533,0.2291080710558658
510534,0.4856963110592476
510535,0.08639287090730166
510536,0.11674337108170507
510537,0.006725217974053707
510538,0.011977110884485248
510539,0.4205695455705753
510540,0.01833278620649463
510541,0.32584054930006634
510542,0.0015635475441966734
510543,0.00015143056062726605
510544,0.8573392428891792
510545,0.054710438509945794
510546,0.6758564401061775
510547,0.09437763806322631
510548,0.003381018660144529
510549,0.07619496360018949
510550,0.3937102869931126
510551,0.045761213862067794
510552,0.37148023378755785
510553,0.016513920360294712
510554,0.7651387026295811
510555,0.04069694612136787
510556,0.0009666673292242627
510557,0.01658480492577605
510558,0.00874315532999221
510559,0.035683291026664225
510560,0.6105548059765863
510561,0.00962841888468974
510562,0.04008237174581065
510563,0.0006259195568887974
510564,0.20326797821932455
510565,0.05848966916062781
510566,0.4429949288241633
510567,0.8913870271325071
510568,0.047287573555986666
510569,0.8348551799980557
510570,0.11944906831397667
510571,0.11107602374692084
510572,0.0023378338315090835
510573,0.026679442121068722
510574,0.0021075104787036682
510575,0.08487921933185745
510576,0.005744267437926444
510577,0.577696468938062
510578,0.023384311868961342
510579,0.012272057529580644
510580,0.004131906490151204
510581,0.0012568139992494849
510582,0.04041035405109207
510583,0.0826078315839074
510584,0.0038747708275247766
510585,0.7282313091486249
510586,0.9280690465687328
510587,0.025956898530434987
510588,0.9765817722572333
510589,0.0004590059893411862
510590,0.015141644990518904
510591,0.6496461432032047
510592,0.24164511209777043
510593,0.5929215549000761
510594,0.062115238242971486
510595,0.02619931975614473
510596,0.011231174465842198
510597,0.6350954583377614
510598,0.30206526386850546
510599,0.3206857226504716
510600,0.004074056247441706
510601,0.2929366054077695
510602,0.17983039858998445
510603,0.0021791664624785856
510604,0.15165440114699916
510605,0.3530588854515634
510606,0.035290674677556685
510607,0.7316235609019759
510608,0.049525252325448306
510609,0.017971370268171905
510610,0.0010476651466159394
510611,0.07949602949731732
510612,0.34182878512169684
510613,0.13117894422373905
510614,0.0037094023814755856
510615,0.02357318021572815
510616,0.02320600201317378
510617,0.3211219332868743
510618,0.09558411075650103
510619,0.015102800277558566
510620,0.022555034600624985
510621,0.06668671845350678
510622,0.027593218953929296
510623,0.2506320693126228
510624,0.9978064505471556
510625,0.006919969294795167
510626,0.07531316051735544
510627,0.016889398275596667
510628,0.17438063692509712
510629,0.003798137867380091
510630,0.044302471690612584
510631,0.10941675592822828
510632,0.0217572984039019
510633,0.04084713425531384
510634,0.11935340017994689
510635,0.32767420303583383
510636,0.037468499229661965
510637,0.008489080002138173
510638,0.10240859651246288
510639,0.5364515131538936
510640,0.08028884356528061
510641,0.01981648688139276
510642,0.040255617987725145
510643,0.0036608590540033385
510644,0.000775614083824404
510645,0.1200716675698803
510646,0.0066343964857412075
510647,0.0352505408119858
510648,0.16258433335851477
510649,0.06266545917012202
510650,0.030426637642086203
510651,0.0011346990837603273
510652,0.0060307687051932
510653,0.45935714318782156
510654,0.7647911642211761
510655,0.035759836896218124
510656,0.0036517229455739343
510657,0.0063628714090544145
510658,0.01919739769085194
510659,0.015277376080741508
510660,0.013158289425472447
510661,0.8875531267368179
510662,0.002470149873658743
510663,0.00019027079400297628
510664,0.13771760829580096
510665,0.009003195450669544
510666,0.017831019544904313
510667,0.023876813755592776
510668,0.7694127158624152
510669,0.9766397436941993
510670,0.3100997582289371
510671,0.032792926029249464
510672,0.3094482216167384
510673,0.0006123364354654045
510674,0.1007070498741287
510675,0.004090404822815825
510676,0.0035967663744419683
510677,0.0042632686438369635
510678,0.2650219179211737
510679,0.011641725820501138
510680,0.0050466327748902905
510681,0.011251792660254615
510682,0.5377783043307797
510683,0.04454431037074513
510684,0.06417347121513617
510685,0.00044586763408663917
510686,0.5612299096360577
510687,0.7596990628779059
510688,0.016339874098507325
510689,0.9463157278414753
510690,0.0717283576467015
510691,0.07810749276570833
510692,0.009256719728094165
510693,0.0017576238272489877
510694,0.666157666004191
510695,0.035174433457631084
510696,0.11562609263164217
510697,0.020653508286653174
510698,0.3160761386950674
510699,0.0932059644703277
510700,0.4677528917596311
510701,0.30104230632958523
510702,0.0182009254830044
510703,0.003621042249337841
510704,0.031062688612080256
510705,0.03001282256708399
510706,0.001658236134289163
510707,0.010183059122011472
510708,0.7421840156240117
510709,0.4586761724328529
510710,0.29773293351029606
510711,0.06846462190917553
510712,0.026561133246281763
510713,0.0019825848073915463
510714,0.9058171820329846
510715,0.16628581354827124
510716,0.003587246184556533
510717,0.05314367101376819
510718,0.03481723773621432
510719,0.4183495280962334
510720,0.7252975308903269
510721,0.8996570325619516
510722,0.013966902542251754
510723,0.7724369294561194
510724,0.007752687108970991
510725,0.1954105161020479
510726,0.058305097800516854
510727,0.0004741615199535049
510728,0.016359538623064933
510729,0.00883891642692782
510730,0.7235652343831254
510731,0.05384592690422392
510732,0.12504538507127308
510733,0.07075275233116869
510734,0.054976643562169164
510735,0.16061401675381942
510736,0.5280740387259306
510737,0.0804294457907855
510738,0.01779855289744634
510739,0.019565472359189224
510740,0.0024709896492093
510741,0.007139879485662811
510742,0.04655353349658611
510743,0.05547684848196782
510744,0.27672250561504463
510745,0.025426417145624724
510746,0.005029032343639166
510747,0.30250695959090346
510748,0.010546461482624437
510749,0.027626448363551347
510750,0.8923899103034924
510751,0.010073663059322797
510752,0.01707517107393609
510753,0.16273848386986967
510754,0.1395473191213937
510755,0.1379939105267052
510756,0.02117496470226069
510757,0.011462888401274934
510758,0.6861924906626774
510759,0.813777611888602
510760,0.1544128813059908
510761,0.1393606913979787
510762,0.5085942671858257
510763,0.0037559596805695847
510764,0.00045105579334647116
510765,0.051564598670939016
510766,0.17781942856924687
510767,0.7272167467197149
510768,0.0869121144740167
510769,0.9156666971509928
510770,0.05490727644301756
510771,0.1084264880402261
510772,0.22529542204854255
510773,0.7388077669664481
510774,0.1407687402971418
510775,0.2717279504015163
510776,0.0046565674525810745
510777,0.06875743240064836
510778,0.23847365971960424
510779,0.0015890722648385456
510780,0.3306182094639372
510781,0.130166675303548
510782,0.0013642249522674414
510783,0.020869912314578652
510784,0.9557710511694967
510785,0.07532545269859654
510786,0.14067300367845104
510787,0.34475900160464434
510788,0.00020586533839079472
510789,0.9576974975265306
510790,0.001922204937667612
510791,0.9700959290979126
510792,0.1431247309124684
510793,0.019828340879659845
510794,0.10703549819656641
510795,0.06408369446362168
510796,0.08733344303496329
510797,0.07434880354326621
510798,0.029514914705691505
510799,0.002579732681875851
510800,0.0814857152933693
510801,0.011843044151677475
510802,0.041982466942114306
510803,0.05579491277939402
510804,0.10152869592073191
510805,0.01392880704021767
510806,0.035221592697426425
510807,0.000748811396957616
510808,0.8676757421672591
510809,0.0010808280047232837
510810,0.002338011667306925
510811,0.13595497194099962
510812,0.04475732657437645
510813,0.00500896780854794
510814,0.6073613257613538
510815,0.022636190863023764
510816,0.008462403036673387
510817,0.0024741395494232233
510818,0.5375403080662459
510819,0.019656039281349836
510820,0.001015228785780822
510821,0.5507784075364329
510822,0.9436747445535705
510823,0.7560960321445606
510824,0.0033528059137007695
510825,0.06260894722228151
510826,0.004169767062655472
510827,0.018516827426315875
510828,0.959079972621924
510829,0.0008807600692058253
510830,0.2493497823321735
510831,0.0018947033624987294
510832,0.5981186495085237
510833,0.046329666936230106
510834,0.9786802420486578
510835,0.0010675245333376974
510836,0.0009262144447825681
510837,0.030342604669871105
510838,0.9813793205128527
510839,0.04133065216444396
510840,0.020898745732555225
510841,0.013337423646089837
510842,0.028165476615162978
510843,0.05170144886624248
510844,0.006080110550346313
510845,0.007451362410339676
510846,0.026392860184660027
510847,0.2583154786414393
510848,0.7119808153223536
510849,0.28334251021826723
510850,0.004210679032553342
510851,0.6966120830956547
510852,0.018860222995058993
510853,0.04508215320355912
510854,0.23323081243123064
510855,0.0028863660041981713
510856,0.24506243239346082
510857,0.008795464352580908
510858,0.014298623980613306
510859,0.026813599936219817
510860,0.8646363601129614
510861,0.09053674469565855
510862,0.013138269243029375
510863,0.9222045266972388
510864,0.04029582122284311
510865,0.022512156145527176
510866,0.00336169861058898
510867,0.016730054631592328
510868,0.04550388637009012
510869,0.5321147523855815
510870,0.8874693451271521
510871,0.0034134951798183125
510872,0.2764041788063915
510873,0.06191647954531707
510874,0.006940239680124449
510875,0.013647344917639201
510876,0.5631928084881971
510877,0.006956095097487265
510878,0.017786036553913382
510879,0.0818170546924877
510880,0.05438216655413067
510881,0.017435792620775707
510882,0.013031406929857109
510883,0.6411684234521702
510884,0.02615277962559635
510885,0.0010155472941523992
510886,0.0014475931977223798
510887,0.03257012601530245
510888,0.08967622183012773
510889,0.021767430587808462
510890,0.3667589643231813
510891,0.0006183247308606375
510892,0.9245665420948844
510893,0.024614448459565678
510894,0.005743199317429657
510895,0.03935829427318299
510896,0.00913109311158433
510897,0.15454336891521855
510898,0.06196451262207836
510899,0.02667736855813886
510900,0.7914754739453594
510901,0.45542159437535895
510902,0.006873914129587926
510903,0.00552103584170521
510904,0.012701385146458662
510905,0.001589604281157932
510906,0.45883212278815333
510907,0.1522772270026638
510908,0.0018625117513826812
510909,0.06370952421294904
510910,0.5431105223654685
510911,0.01614674073549383
510912,0.018667023338813104
510913,0.4201760056954327
510914,0.04211064353646806
510915,0.005265285863590933
510916,0.004649404478275053
510917,0.5119590596017686
510918,0.008925106750126538
510919,0.01820895691874641
510920,0.003416491230499638
510921,0.9501350414267847
510922,0.8132029426233189
510923,0.020067703867372333
510924,0.24907491689980554
510925,0.04529270938594703
510926,0.020660378363029166
510927,0.5486806235466073
510928,0.03412431322823691
510929,0.00035928699429890596
510930,0.09216698527298296
510931,0.057296739618001934
510932,0.020021022993213462
510933,0.04147914861421541
510934,0.2555115800792484
510935,0.05330883623751603
510936,0.01634871736234944
510937,0.0006949833176878596
510938,0.11342337846848821
510939,0.1359663929867554
510940,0.920596643168554
510941,0.7321572879901799
510942,0.8826770653072515
510943,0.09591241916862481
510944,0.2819942841978477
510945,0.03906329463357402
510946,0.042931640376232386
510947,0.002072703365614
510948,0.05736791344692541
510949,0.8492978493398602
510950,0.017045540703892165
510951,0.03794262854931579
510952,0.008327900252933545
510953,0.06439140296918873
510954,0.13229450018719266
510955,0.034658488945520996
510956,0.9881514702801891
510957,0.0026253239464287524
510958,0.01888556065192154
510959,0.15392241569632828
510960,0.903039861699003
510961,0.002526936543594816
510962,0.15783354434433458
510963,0.24509120469361337
510964,0.5864368701045358
510965,0.017857496885461586
510966,0.027080988741885303
510967,0.10188717712169576
510968,0.016088886235522293
510969,0.017719171424347924
510970,0.005628907841907875
510971,0.7886541109387147
510972,0.031864076031427685
510973,0.003450488405321163
510974,0.0038968754514353684
510975,0.06769208051258796
510976,0.02187049441961453
510977,0.038913377620070314
510978,0.02501531704333506
510979,0.5766913165598411
510980,0.016484359170694653
510981,0.4160789441928307
510982,0.02587459244427586
510983,0.0013811629568987918
510984,0.5458365474411795
510985,0.6315428282923491
510986,0.002710611502990778
510987,0.09295705996291495
510988,0.0027874672162673006
510989,0.0024842347102390335
510990,0.1418375073933266
510991,0.02776165049974899
510992,0.9424223287645257
510993,0.6720770376805499
510994,0.010164102559722592
510995,0.08333013851791805
510996,0.0023013376817547365
510997,0.02526696057424972
510998,0.0004465139308095257
510999,0.3048872003358169
511000,0.000841453158782288
511001,0.07151721948426688
511002,0.2787959910698971
511003,0.006563036216124343
511004,0.002262320325190206
511005,0.1258292548966258
511006,0.19252959937332959
511007,0.14331483484100235
511008,0.010248672222600556
511009,0.03854945171885677
511010,0.013302558488533976
511011,0.005380935186578429
511012,0.18042925073236046
511013,0.3374855645048646
511014,0.05952887240331285
511015,0.014851622927531598
511016,0.21215749500142955
511017,0.0015545765587056306
511018,0.007441409456388307
511019,0.0003599142507269043
511020,0.0035292085785576326
511021,0.2233418382851761
511022,0.021785829556310417
511023,0.0022419818614752797
511024,0.033281588002602516
511025,0.06906105802850684
511026,0.5850978738633615
511027,0.045382610068702874
511028,0.7112942235206191
511029,0.177210562331771
511030,0.010217109470500365
511031,0.03901621812233014
511032,0.0036041518246225143
511033,0.07374511730813976
511034,0.0022913357453400434
511035,0.02651623502845238
511036,0.31942413663078095
511037,0.17810764491854825
511038,0.036053098469598095
511039,0.8857556898039498
511040,0.14444061975935402
511041,0.32291772418516523
511042,0.008046488039095096
511043,0.003602214815595353
511044,0.08198455491106547
511045,0.020763543264000702
511046,0.028018148747721405
511047,0.0020531464750192796
511048,0.0049815774208546385
511049,0.43694655799702875
511050,0.004533956104674254
511051,0.0011086196640308686
511052,0.016334875462403125
511053,0.0007773187952433538
511054,0.033768826276163066
511055,0.0010650093602121704
511056,0.0007143278290742862
511057,0.0014566572415011013
511058,0.47605440519535447
511059,0.3625536961697537
511060,0.08448973629215095
511061,0.03709240322466497
511062,0.034416609347212634
511063,0.926944575138846
511064,0.43422527725011656
511065,0.1688525859126827
511066,0.09792829402549012
511067,0.0733985610226609
511068,0.1606879104452295
511069,0.010088924952779714
511070,0.03141591382828861
511071,0.21703612873177278
511072,0.0009267009241826617
511073,0.20296668315324423
511074,0.03587240874419105
511075,0.0662678771149693
511076,0.02852030326814351
511077,0.4766534866142009
511078,0.035758209118427815
511079,0.21191428358619327
511080,0.0384784712787321
511081,0.02728913731601318
511082,0.003176887793663378
511083,0.12888927709475964
511084,0.002516073880130722
511085,0.0563716098566684
511086,0.5016293660692519
511087,0.3333952794294706
511088,0.09630463640204893
511089,0.9950705208708129
511090,0.014427696371403979
511091,0.17931901074431136
511092,0.486816625099468
511093,0.1474405755405301
511094,0.11031406693496876
511095,0.21209485291353405
511096,0.10544410517597162
511097,0.010118137400041832
511098,0.04244411847359055
511099,0.0008755829629720581
511100,0.06634751177662121
511101,0.007047653054409137
511102,0.012590782419037194
511103,0.0520318155860984
511104,0.03356514465387859
511105,0.017314788452976477
511106,0.3862803744265744
511107,0.0027113369716056444
511108,0.20106381725263398
511109,0.00200610122323673
511110,0.0022087498186761085
511111,0.0890905699142019
511112,0.5135298016290919
511113,0.08718139828653379
511114,0.0008364425229524003
511115,0.0003343097754241525
511116,0.04790014468610784
511117,0.4444018366456723
511118,0.21062331038263402
511119,0.02262835705807221
511120,0.23582998302499164
511121,0.001214127797110757
511122,0.016722030374039645
511123,0.38192062233341945
511124,0.8135627813472451
511125,0.0018453524878211482
511126,0.10124449953766232
511127,0.0028777924592972132
511128,0.08368304079175069
511129,0.547106451218894
511130,0.04451075643371886
511131,0.09093890244637705
511132,0.01906023208853053
511133,0.5252638678682156
511134,0.09860484495344761
511135,0.8324305487595645
511136,0.03870523202224836
511137,0.006241850066626703
511138,0.007378480958026512
511139,0.024931121239886805
511140,0.0020347435821823764
511141,0.05645783696809071
511142,0.6291081733148188
511143,0.4139631513705861
511144,0.7392365992450124
511145,0.0004507314035570637
511146,0.07176284517571496
511147,0.012202331164137447
511148,0.7445379462417749
511149,0.01366695421189335
511150,0.0022664240609645784
511151,0.01933292341709405
511152,0.37956953995638193
511153,0.9973610551578075
511154,0.0002885488915336788
511155,0.13604649137260563
511156,0.006030744943097026
511157,0.0018668135495736938
511158,0.0813780613942718
511159,0.07296121694885425
511160,0.34008624361675927
511161,0.014277162924683803
511162,0.004983485996376192
511163,0.6070296315598013
511164,0.004385238982749259
511165,0.5437195018683546
511166,0.5598727740411205
511167,0.7369067695405536
511168,0.004743510130118336
511169,0.09921135166518588
511170,0.4350675502105496
511171,0.01861627876689974
511172,0.9877536009619668
511173,0.0731898123555485
511174,0.13936849788236663
511175,0.4984053741858152
511176,0.006922435204484346
511177,0.35355855394583374
511178,0.0006034194254097175
511179,0.003299052837729254
511180,0.002287603823260826
511181,0.008380297642199552
511182,0.01271300208142568
511183,0.01922286732718531
511184,0.009874026943488556
511185,0.05596107388499195
511186,0.004509907944274597
511187,0.26911104318221135
511188,0.0035635259879758336
511189,0.03079393716334936
511190,0.021575219870972613
511191,0.33104624807350763
511192,0.0010257698559750952
511193,0.15176556504820232
511194,0.8232452351378108
511195,0.12521069562511072
511196,0.03298935151644071
511197,0.0008687873066980042
511198,0.0010991185423688701
511199,0.004633806098289831
511200,0.004412701933460284
511201,0.010147238135588068
511202,0.2081985216968828
511203,0.02717014094543146
511204,0.04416286229491528
511205,0.028789423943282048
511206,0.00034012855371339613
511207,0.0021128224179481764
511208,0.038212294532836276
511209,0.05557760045971657
511210,0.04151724579008524
511211,0.3659164322963586
511212,0.010499867507937272
511213,0.990641889664478
511214,0.051943093128220624
511215,0.015743780136165026
511216,0.029035923842213877
511217,0.07101346399878573
511218,0.15911420495060563
511219,0.1728680921493055
511220,0.2651437948361193
511221,0.006214441165335659
511222,0.5852069393793871
511223,0.8260802511017645
511224,0.7313431833333081
511225,0.08463070094613682
511226,0.24856802907580525
511227,0.016715810236501136
511228,0.8498720340341152
511229,0.5671017758976482
511230,0.0033952574310228347
511231,0.002122022469541398
511232,0.06949200543424952
511233,0.0007370630831260585
511234,0.9479940201052709
511235,0.3069058502489551
511236,0.8692645270790577
511237,0.9971777270196349
511238,0.2603253035808435
511239,0.09458480810551335
511240,0.006683915006895715
511241,0.002765901965113954
511242,0.07149912995578357
511243,0.01620996594924044
511244,0.1818627362949752
511245,0.021067893030341005
511246,0.9496745595715864
511247,0.11863847764628038
511248,0.05196946804004387
511249,0.01352053036891716
511250,0.19443885124578608
511251,0.01654650150970696
511252,0.9341641119839074
511253,0.1799285559117821
511254,0.9434264294869006
511255,0.43157071537824226
511256,0.6117682749759381
511257,0.995332041159651
511258,0.00807784201747518
511259,0.004354301429596975
511260,0.0008153138805547832
511261,0.004077101719277566
511262,0.1045423387593435
511263,0.6066356308938569
511264,0.047646749289983865
511265,0.19815184195449984
511266,0.001483139493220369
511267,0.7134092772728584
511268,0.2854999578666566
511269,0.0007241723290952195
511270,0.0051660776021904935
511271,0.011418937263780697
511272,0.009633733568745629
511273,0.0016927272213085774
511274,0.06514913871409594
511275,0.010209194150825196
511276,0.030149070814377246
511277,0.00046095058507456747
511278,0.0019438423781725019
511279,0.9155981849703715
511280,0.00023294398660403192
511281,0.026125898112443785
511282,0.0005608108141819968
511283,0.022904027136490927
511284,0.029974578236173242
511285,0.10572321176366793
511286,0.0007594044008346145
511287,0.0012504258282881242
511288,0.2896148925744116
511289,0.012877466265298017
511290,0.01238696257269776
511291,0.0016836225699389568
511292,0.01044133652826872
511293,0.02793250976822082
511294,0.3674927920401495
511295,0.13894237391363196
511296,0.1676641465097667
511297,0.7722251646002765
511298,0.0247620202343565
511299,0.00092000429085677
511300,0.0024423566373379855
511301,0.09812649372315509
511302,0.004215101116930211
511303,0.01011124218934285
511304,0.1254994922408438
511305,0.05751874397251929
511306,0.03413813789152367
511307,0.0016449287820252108
511308,0.4718837421752068
511309,0.004730094847682629
511310,0.03329002471518949
511311,0.04379128567933255
511312,0.9204294302724477
511313,0.6652601173313147
511314,0.3158747105444496
511315,0.0034209825033401217
511316,0.1573121453865551
511317,0.16126296687394126
511318,0.10602701782848589
511319,0.17984246531743567
511320,0.011065589679538693
511321,0.7832846908721832
511322,0.09472826996534371
511323,0.38417087091807434
511324,0.28377900454695104
511325,0.05985428653117902
511326,0.01865645069191449
511327,0.9705952032942379
511328,0.18206026397000627
511329,0.016699512463293566
511330,0.24946486546810787
511331,0.015178817711059516
511332,0.0032254201633650395
511333,0.27777122125170095
511334,0.0449314941060996
511335,0.031539298088861294
511336,0.14141762401218044
511337,0.01698494188087337
511338,0.001499821158275748
511339,0.0025312821582310664
511340,0.07295113513099452
511341,0.10606756067873147
511342,0.6374918013348955
511343,0.0065797690163116205
511344,0.02681207585672879
511345,0.03463892491529322
511346,0.08580750445729021
511347,0.2763073608851912
511348,0.05703439907827113
511349,0.017777344970516782
511350,0.0028697956389414064
511351,0.006735537467899673
511352,0.01679581466780215
511353,0.002709497309830339
511354,0.015542098889572495
511355,0.03316180688591409
511356,0.13356232995930176
511357,0.0057914368392777485
511358,0.11142315474068278
511359,0.15909725839915723
511360,0.8838590478685256
511361,0.025195871563809716
511362,0.8147746858535916
511363,0.9602222906793437
511364,0.009416621275122977
511365,0.04366687149843554
511366,0.07742566078418163
511367,0.2628459210224886
511368,0.39245490706526953
511369,0.9982607906886353
511370,0.01821505905672957
511371,0.036442989958475024
511372,0.3539297943797896
511373,0.016784527217800896
511374,0.04363148913790978
511375,0.0815581096402624
511376,0.6566850357241879
511377,0.00854666924774599
511378,0.9847323651802867
511379,0.0027411874571956515
511380,0.02394996415314674
511381,0.008346494289469687
511382,0.01098387135038394
511383,0.279939266671733
511384,0.01453611687118448
511385,0.0009481427503000151
511386,0.3290000056707007
511387,0.05139047745747776
511388,0.020533636083321802
511389,0.11328680056143661
511390,0.1728589740736043
511391,0.6614844104883133
511392,0.25331094852744335
511393,0.002877899057526537
511394,0.008250017751202305
511395,0.008244208168512523
511396,0.16889195793955059
511397,0.03495011240544719
511398,0.008679027062427168
511399,0.087337919213991
511400,0.7172634053260363
511401,0.02501058389383046
511402,0.04726033608249096
511403,0.024274099342002198
511404,0.2577162094137422
511405,0.0712483497364387
511406,0.0063870096823111025
511407,0.07060454958940095
511408,0.05515339320981199
511409,0.780855342350327
511410,0.2950432757441191
511411,0.049015968308068446
511412,0.005279862977432866
511413,0.11627963460826292
511414,0.03962861692864482
511415,0.494188390583945
511416,0.5564450270415057
511417,0.03319947266693725
511418,0.7523625776129027
511419,0.043658449306437
511420,0.1010820343715067
511421,0.0033356631542887337
511422,0.7050501509043461
511423,0.0018694440125718948
511424,0.027202954196915218
511425,0.14215975113803653
511426,0.0726099547427638
511427,0.2374060548493376
511428,0.6705057596590142
511429,0.26092372629872945
511430,0.0020579591910206167
511431,0.024933689312395584
511432,0.23786989960432722
511433,0.051905638653044255
511434,0.7777116824328846
511435,0.24109248719198773
511436,0.33419174779628685
511437,0.01811798992977751
511438,0.8531280032759553
511439,0.5636986244140202
511440,0.05393065223558774
511441,0.4737950009218983
511442,0.8888844214669848
511443,0.38881938477857986
511444,0.004482933673351941
511445,0.0022504618938788785
511446,0.22443267988187132
511447,0.08077268307957432
511448,0.005874418287464952
511449,0.9007944832844325
511450,0.1029532130596373
511451,0.01820527423428003
511452,0.028609951366616582
511453,0.5563266101511518
511454,0.0008645625144772551
511455,0.010475615697293595
511456,0.0020488747844890137
511457,0.07262982607614488
511458,0.7670140594395184
511459,0.001063639187157047
511460,0.007312582766438568
511461,0.0003110778846610354
511462,0.012395408611198656
511463,0.49322516033815716
511464,0.00797753656119137
511465,0.003124712085619161
511466,0.07989233776502361
511467,0.0030014487563977013
511468,0.8588056548745766
511469,0.005435331455532486
511470,0.2807749296581353
511471,0.10589264087428259
511472,0.01582000580972258
511473,0.024533092606916013
511474,0.014969288951555169
511475,0.018686484798758403
511476,0.13000782769050964
511477,0.029180194995391446
511478,0.12862951309150703
511479,0.800435220816025
511480,0.06692405029533141
511481,0.17756890498724276
511482,0.03818494051123898
511483,0.01464032307284535
511484,0.08110494669378465
511485,0.014388213363104222
511486,0.006294612880053148
511487,0.057765572206408225
511488,0.7850471455131767
511489,0.0034469042511084042
511490,0.0013082420019977438
511491,0.33258619369645426
511492,0.024772590463978218
511493,0.05168473514967388
511494,0.07832952569651372
511495,0.3484696768223053
511496,0.012900882779082372
511497,0.013349292251664317
511498,0.0984536211677556
511499,0.09589330502317246
511500,0.011078540404925594
511501,0.011479534033825577
511502,0.00413776101127323
511503,0.08176327667619829
511504,0.6814302956843803
511505,0.0008890013697008988
511506,0.15121809489479107
511507,0.8265583120114725
511508,0.02020223049519141
511509,0.00954271816811363
511510,0.1026911728941696
511511,0.017940934293789186
511512,0.018734380218606163
511513,0.603302490860507
511514,0.3558751952762605
511515,0.5107777563392988
511516,0.9987425240850797
511517,0.0004373158651055787
511518,0.0012174150139125006
511519,0.018139310111775154
511520,0.07576460719667197
511521,0.04957236922348053
511522,0.19442096491076327
511523,0.4900766584149341
511524,0.001088230366322453
511525,0.005041571377279791
511526,0.004121935880625821
511527,0.0006860029571895309
511528,0.0026766873786442896
511529,0.4314158344436484
511530,0.7212049153070926
511531,0.3407385786911233
511532,0.09891795276189866
511533,0.06832668662351501
511534,0.005905761172242232
511535,0.005215272631459194
511536,0.004230565285076571
511537,0.9226174093974966
511538,0.0036706600634393628
511539,0.0035815055221501786
511540,0.08321231656127999
511541,0.008394366240486471
511542,0.13679071878992735
511543,0.004744758971676179
511544,0.11992792519799378
511545,0.9219422990513798
511546,0.03223220390984023
511547,0.026140216153562188
511548,0.14934721787916902
511549,0.0005498462944180545
511550,0.22102918260711626
511551,0.18523841573747
511552,0.019410790374939195
511553,0.8724428641288771
511554,0.10999305248459125
511555,0.05129904487384962
511556,0.09208926550725054
511557,0.0021995664435338663
511558,0.172643309397538
511559,0.06946699972294891
511560,0.03151784130749584
511561,0.008605881755530021
511562,0.9699695070962763
511563,0.16774943443201906
511564,0.8980424821476538
511565,0.0194359262975404
511566,0.2047499736146532
511567,0.0010276150785153645
511568,0.12569560897147838
511569,0.7876550406439401
511570,0.3259903700799922
511571,0.05045426636091595
511572,0.6243475862490118
511573,0.01589000689299742
511574,0.002576405145987746
511575,0.3776527743727397
511576,0.1126257942390258
511577,0.6576963585076396
511578,0.029167480985651018
511579,0.37853728094599437
511580,0.12083510870085225
511581,0.04651906646320322
511582,0.4269416666917689
511583,0.0018732669263490807
511584,0.00025303550817100477
511585,0.10212581811616062
511586,0.8849681037652168
511587,0.021957789094953786
511588,0.07408642946179476
511589,0.0011377533822903665
511590,0.12809922605299118
511591,0.19452727139790585
511592,0.35077430125651893
511593,0.5820912743851165
511594,0.019502423375268165
511595,0.2790553189680159
511596,0.031115827674296742
511597,0.0006855094675488771
511598,0.0004060630100114955
511599,0.036750832213110714
511600,0.4125771148684944
511601,0.10703564188441829
511602,0.014936510229504138
511603,0.0927121376246739
511604,0.041926829719738795
511605,0.35185791671864625
511606,0.350686451599757
511607,0.02787046160681832
511608,0.06102026659748429
511609,0.001388532660018285
511610,0.2989455908590758
511611,0.021603277080886187
511612,0.0010314358506994439
511613,0.0013000613006201951
511614,0.02418970890852731
511615,0.20344620371358318
511616,0.0006034378081252804
511617,0.021082049678570323
511618,0.2419987495705156
511619,0.5248695848564432
511620,0.5052482521526102
511621,0.9288860517990862
511622,0.03136366292302368
511623,0.10709280805589656
511624,0.01404398482969579
511625,0.7119113001986302
511626,0.013318639969332137
511627,0.9045507224491899
511628,0.006992415883016272
511629,0.0014525537450018637
511630,0.0001971254281834637
511631,0.021430853045850323
511632,0.23434314744863058
511633,0.020719780650431185
511634,0.12285437975427548
511635,0.05203034243827297
511636,0.18233348953607925
511637,0.5130744527638935
511638,0.005806252334255049
511639,0.47916791830141087
511640,0.010465097376713956
511641,0.04775401149034272
511642,0.0009088309656762603
511643,0.0055838433642986076
511644,0.01903283947096039
511645,0.0003120791846139524
511646,0.5391892581939349
511647,0.7641556411716782
511648,0.0013173448557385913
511649,0.8416133629565422
511650,0.19068201107681598
511651,0.0833124039320075
511652,0.2548027864685956
511653,0.10205634926931167
511654,0.5512726619997903
511655,0.040618111646176146
511656,0.0046392603431833655
511657,0.0252470207911347
511658,0.006604044798914787
511659,0.039817134424365165
511660,0.004783785465723767
511661,0.004463638771388538
511662,0.5389272761213382
511663,0.019703652711180904
511664,0.22747144939947375
511665,0.09488662449289499
511666,0.10861705216757567
511667,0.005102737818534766
511668,0.390705584429284
511669,0.008454503574955806
511670,0.03678697082000075
511671,0.032947759936567955
511672,0.02653665254009908
511673,0.10926732447904379
511674,0.3202968022954854
511675,0.9454826805688428
511676,0.6850897920091609
511677,0.1290305266789548
511678,0.04894162563436316
511679,0.9686746517257847
511680,0.0024145406703896277
511681,0.0015551679173893768
511682,0.07807799034787502
511683,0.02147632146964983
511684,0.5215751430362594
511685,0.002930797061737294
511686,0.39555527712297395
511687,0.1661010786780551
511688,0.040918776146513354
511689,0.04583457766880808
511690,0.126959901648158
511691,0.9187205112226492
511692,0.06354463259226747
511693,0.05434587999260996
511694,0.1718052331654135
511695,0.10781282288964288
511696,0.013160959004561285
511697,0.011335987220599964
511698,0.00030348932551081366
511699,0.1415793605703905
511700,0.020560418971036887
511701,0.9844001057050108
511702,0.13039351694302187
511703,0.17639538451118358
511704,0.2560072205718275
511705,0.1835678881101822
511706,0.03715999097440571
511707,0.6030069837500196
511708,0.13934618966384343
511709,0.02035667099633739
511710,0.00045603714656363716
511711,0.004529594275778502
511712,0.5621165292505107
511713,0.816482526175632
511714,0.007015300697774851
511715,0.5585557524987766
511716,0.0015912140316035822
511717,0.09706979869692066
511718,0.41749880742064455
511719,0.005615714997413707
511720,0.02132989473734112
511721,0.12203701546461593
511722,0.013511110493080533
511723,0.02341121290297975
511724,0.3619243421306769
511725,0.7088556763263223
511726,0.8958650683279448
511727,0.006658060076208103
511728,0.08691472598478554
511729,0.06709235491788296
511730,0.49665325798154986
511731,0.02561149475413576
511732,0.003479792839483549
511733,0.42560765623194663
511734,0.0055301110586561475
511735,0.004179339717624962
511736,0.11007629865543998
511737,0.008286372736589987
511738,0.36332747505560453
511739,0.004561364738373133
511740,0.8159129977696534
511741,0.02104346946928284
511742,0.693866455820063
511743,0.5611525209360138
511744,0.6557536724512386
511745,0.1617301868155107
511746,0.2703233314295202
511747,0.029254747721383045
511748,0.3365841573130147
511749,0.008167452880374832
511750,0.7230074373272316
511751,0.009171410430567517
511752,0.0009470804126264976
511753,0.022141281255628482
511754,0.07737288918135432
511755,0.017289367336110032
511756,0.02345051749779695
511757,0.10388724802067838
511758,0.09825320508289703
511759,0.2438095520002531
511760,0.0034408792472051712
511761,0.38924476229770105
511762,0.0030481861430799316
511763,0.05544914563882313
511764,0.8998496534269443
511765,0.04145609665211263
511766,0.2038496238369428
511767,0.5290057286851706
511768,0.2701254678971037
511769,0.007969368239761932
511770,0.17179478297805537
511771,0.01571518172087024
511772,0.004643848887904916
511773,0.002052847056068338
511774,0.20699295262091094
511775,0.06597096552456584
511776,0.07980763566075531
511777,0.8502426019032394
511778,0.07442972001313457
511779,0.006177152425143762
511780,0.16818218118103379
511781,0.2246262015157307
511782,0.0364962700066898
511783,0.2526019880906348
511784,0.8754444957006189
511785,0.008965699266346609
511786,0.07149947694357964
511787,0.08962987583760525
511788,0.014172548731181043
511789,0.010519485692612058
511790,0.10167938575287667
511791,0.0034955147800339466
511792,0.5565577085691435
511793,0.009625891786442995
511794,0.008700798652632128
511795,0.1710197330157347
511796,0.23515438250923745
511797,0.8288727744830643
511798,0.09423302023070557
511799,0.05946456119078265
511800,0.018117928099323603
511801,0.01932636289396195
511802,0.013917876597853908
511803,0.002533784453854454
511804,0.18512912197427617
511805,0.001977742843615302
511806,0.07285541825024056
511807,0.005844764227960797
511808,0.09607488157396268
511809,0.05702566848356852
511810,0.00705469335433051
511811,0.9054042609760574
511812,0.2607089183500728
511813,0.023053243743114786
511814,0.46455381033948817
511815,0.20498877468120655
511816,0.04523883407379256
511817,0.9640482381851369
511818,0.006821356872564186
511819,0.1772379265587755
511820,0.010654855133303763
511821,0.3386752651821874
511822,0.06618740732470826
511823,0.7338249635648169
511824,0.47082004229440727
511825,0.04161843931680429
511826,0.08364383897885372
511827,0.000756591878006213
511828,0.11818207405167733
511829,0.21153603201553717
511830,0.06018037026537478
511831,0.032681479693195715
511832,0.030504497144676238
511833,0.0905136571831487
511834,0.022592507860602788
511835,0.04169425244115695
511836,0.017112222524169246
511837,0.02074389674799631
511838,0.24656636416957228
511839,0.41321589467421604
511840,0.02637461232023141
511841,0.023375584323850916
511842,0.000590552773303559
511843,0.030549741735409672
511844,0.7963098308163892
511845,0.028178108255703802
511846,0.42367420704388375
511847,0.01129307784381669
511848,0.010213150807668653
511849,0.7048175446595211
511850,0.2694269492603291
511851,0.0029034450252951056
511852,0.0073350976333637
511853,0.9664511111604435
511854,0.9058371776035741
511855,0.55733007618218
511856,0.9838373625314126
511857,0.006837496141512442
511858,0.0006769513637115106
511859,0.010531869985279309
511860,0.012397861414632236
511861,0.0031217561077542338
511862,0.14825950501968782
511863,0.016004718235528615
511864,0.039323017546695115
511865,0.5737580992991906
511866,0.011856276705659672
511867,0.05173648234474522
511868,0.022222582170510725
511869,0.08358788846785753
511870,0.00026425332046338396
511871,0.01411937888100185
511872,0.09813262297552912
511873,0.12798098901143581
511874,0.5637929815039929
511875,0.0007886696294341242
511876,0.008656920838096601
511877,0.0014833748129092048
511878,0.650211103330608
511879,0.019230851716536154
511880,0.08465705962286203
511881,0.0002565010808847162
511882,0.008890577803129398
511883,0.15589820472044816
511884,0.6875088974578243
511885,0.6632706170787984
511886,0.017980992168915272
511887,0.020933789939268508
511888,0.05575421774994055
511889,0.001342185079078897
511890,0.4902972315584819
511891,0.004426904738483733
511892,0.20263598074349243
511893,0.2565034762067568
511894,0.010430479979187586
511895,0.8279686873216012
511896,0.000608196094443625
511897,0.0021475321783546264
511898,0.5327085935781763
511899,0.1267945932244373
511900,0.00026290209151880563
511901,6.751166985042446e-05
511902,0.012146294089822806
511903,0.0005562460021704347
511904,0.014439910597722956
511905,0.0816156674639718
511906,0.07245951143105288
511907,0.8107036950304135
511908,0.019205583976767464
511909,0.1912603931325264
511910,0.049265146106428015
511911,0.09550892870371482
511912,0.0005461354116209394
511913,0.12157535343021562
511914,0.0014961010588797833
511915,0.7395372323983436
511916,0.11693776771318773
511917,0.04336173270062422
511918,0.03712552184851983
511919,0.13990196057896767
511920,0.2198015992034594
511921,0.0028362345420331176
511922,0.027858079936011398
511923,0.09478773717074555
511924,0.00179593258449007
511925,0.16398167682737766
511926,0.014211188193582537
511927,0.036383172777952895
511928,0.004061811353850785
511929,0.004515041887311851
511930,0.8857761324637535
511931,0.015751494726132846
511932,0.0007376784110754315
511933,0.6889903097996507
511934,0.00878105335712979
511935,0.16270520712557435
511936,0.005338834060458443
511937,0.8880095947618271
511938,0.059724712007299105
511939,0.045270101047191404
511940,0.09592887480553705
511941,0.029382643706149857
511942,0.14133989843832817
511943,0.6266343653959424
511944,0.07563102829643012
511945,0.11740194053924077
511946,0.0033986134013058162
511947,0.4142434331267246
511948,0.028672734524728585
511949,0.7512879569465686
511950,0.01769848561006719
511951,0.0037649972338206043
511952,0.004975505515714927
511953,0.0010025830579369695
511954,0.03660826896885662
511955,0.05688160938467267
511956,0.009792335226485089
511957,0.004447192289382195
511958,0.101597967099241
511959,0.0029190568021132675
511960,0.8848378490546568
511961,0.012014259250807041
511962,0.003980746789758662
511963,0.026105842503080963
511964,0.10428197521243458
511965,0.04412853829992532
511966,0.22050387578925015
511967,0.1392916353431447
511968,0.0016768775448689096
511969,0.581378430840238
511970,0.014340953882757928
511971,0.019519990726259557
511972,0.06377837808303109
511973,0.44597400574980967
511974,0.5673089258461932
511975,0.9684848577167978
511976,0.08185157142384335
511977,0.0009687447920644552
511978,0.11712014006087929
511979,0.06587923866255418
511980,0.035125444594491184
511981,0.06454717966601997
511982,0.5778682817990424
511983,0.7274229674811169
511984,0.0018449666232457126
511985,0.029108475887286545
511986,0.004653158322374178
511987,0.18491251540138584
511988,0.36743221487813893
511989,0.3352435192088597
511990,0.017245874353883535
511991,0.0027463793852312
511992,0.16572728479071716
511993,0.003394617909181163
511994,0.0060917156235487015
511995,0.1511313926149726
511996,0.04272149430517776
511997,0.0033573882414446635
511998,0.5741259712502189
511999,0.015970413490253285
